Name;ID;Country;Rank 3 Year;Rank 2 Year;Rank 1 Year;Rank 0 Year;Ideal Rank;Max Skill;Traits;Skill;Experience;Loyalty;Type;Picture;Start Year;End Year;Retirement Year;x
Ainsworth;60000;USA;1938;1940;1943;1990;1;7;4096;2;0;5;1;LWalden_Lee_Ainsworth;1938;1950;1999;x
Anderson Jr. G.W.;60001;USA;1948;1955;1959;1961;0;7;8192;2;0;5;1;L60380;1948;1970;1999;x
Anderson W.S.;60002;USA;1932;1937;1944;1990;1;7;0;2;0;5;1;L60379;1932;1946;1999;x
Andrews A.;60003;USA;1922;1934;1938;1990;1;6;8704;3;0;5;1;LAdolphus_Andrews;1922;1944;1999;x
Antrim;60004;USA;1948;1954;1990;1990;2;7;0;2;0;5;1;L604027;1948;1969;1999;x
Badger II;60005;USA;1939;1942;1948;1990;1;7;2048;2;0;5;1;LOscar_Charles_BadgerII;1939;1954;1999;x
Baker W.D.;60006;USA;1940;1943;1949;1990;1;6;12288;2;0;5;1;LWilder_DuPuy_Baker;1940;1954;1999;x
Ballentine;60007;USA;1942;1944;1949;1990;1;6;8192;2;0;5;1;LJohn_Jennings_Ballentine;1942;1960;1999;x
Barbey;60008;USA;1937;1942;1944;1990;1;6;0;2;0;5;1;L60381;1937;1955;1999;x
Beary;60009;USA;1937;1943;1948;1990;1;7;2048;2;0;5;1;L60382;1937;1954;1999;x
Bellinger;60010;USA;1937;1941;1943;1990;1;8;0;3;0;5;1;L60486;1937;1949;1999;x
Bellinger;60011;USA;1937;1941;1943;1990;1;8;131072;3;0;5;2;L60486;1937;1949;1999;x
Benson H.H.J.;60012;USA;1937;1990;1990;1990;3;5;8192;2;0;5;1;L60383;1937;1954;1999;x
Berkey;60013;USA;1942;1944;1949;1990;1;6;4096;2;0;5;1;L604032;1942;1957;1999;x
Bieri;60014;USA;1938;1942;1949;1990;1;8;0;3;0;5;1;LBernhard_Henry_Bieri;1938;1953;1999;x
Blakely;60015;USA;1927;1937;1939;1990;1;6;512;2;0;5;1;LCharles_Adams_Blakely;1927;1943;1999;x
Bloch;60016;USA;1923;1934;1940;1990;1;6;512;3;0;5;1;LClaude_Charles_Bloch;1923;1942;1999;x
Bogan;60017;USA;1942;1944;1946;1990;1;8;0;2;0;5;1;L60384;1942;1958;1999;x
Bowen Sr.;60018;USA;1935;1942;1947;1990;2;5;0;3;0;5;1;U10 Harold Bowen;1935;1949;1999;x
Bristol Jr.;60019;USA;1935;1939;1942;1990;1;6;8192;3;0;5;1;LArthur_LeRoy_BristolJr;1935;1942;1999;x
Brown W.;60020;USA;1929;1936;1941;1990;1;6;0;2;0;5;1;LWilson_BrownJr;1929;1946;1999;x
Brown Jr.;60021;USA;1941;1943;1990;1990;2;6;5120;2;0;5;1;LJohn_Herbert_BrownJr;1941;1955;1999;x
Brumby;60022;USA;1920;1926;1933;1934;2;6;512;3;0;5;1;LFrank_Hardeman_Brumby;1920;1938;1999;x
Bulkeley;60023;USA;1950;1967;1990;1990;2;6;2048;2;0;5;1;L60385;1950;1970;1999;x
Burke;60024;USA;1944;1949;1955;1990;1;9;4096;3;0;5;1;L60386;1944;1965;1999;x
Butler H.V.;60025;USA;1921;1927;1935;1990;1;5;512;3;0;5;1;LHenry_Varnum_Butler;1921;1938;1999;x
Calhoun;60026;USA;1932;1938;1942;1990;1;6;0;2;0;5;1;L60387;1932;1948;1999;x
Callaghan D.;60027;USA;1938;1942;1990;1990;2;5;2048;1;0;5;1;L60388;1938;1956;1999;x
Carpender;60028;USA;1936;1940;1942;1990;1;6;1024;2;0;5;1;LArthur_Schuyler_Carpender;1936;1948;1999;x
Cassady;60029;USA;1943;1945;1950;1954;0;7;0;2;0;5;1;L60390;1943;1960;1999;x
Cassady;60030;USA;1943;1945;1950;1954;0;7;65536;2;0;5;1;L60390;1943;1960;1999;x
Clark J.J.;60031;USA;1942;1948;1951;1953;1;8;8192;3;0;5;1;L60392;1942;1957;1999;x
Clark J.J.;60032;USA;1942;1948;1951;1953;1;7;8192;2;0;5;2;L60392;1942;1957;1999;x
Clarey;60033;USA;1952;1958;1964;1968;1;8;1024;3;0;5;1;LBernard_Ambrose_Clarey;1952;1970;1999;x
Cook A.B.;60034;USA;1929;1936;1943;1990;1;6;8192;2;0;5;1;LArthur_Byron_Cook;1929;1945;1999;x
Cooke C.M.;60035;USA;1938;1942;1945;1990;1;8;0;2;0;5;1;L60394;1938;1950;1999;x
Cooke H.D.;60036;USA;1925;1939;1990;1990;2;5;8704;2;0;5;1;LHenry_David_Cooke;1925;1943;1999;x
Cooley;60037;USA;1942;1946;1990;1990;2;7;4096;2;0;5;1;L60395;1942;1958;1999;x
Cluverius;60038;USA;1928;1932;1990;1990;2;5;512;2;0;5;1;LWat_Tyler_CluveriusJr;1928;1939;1999;x
Davenport;60039;USA;1947;1958;1990;1990;2;5;3072;2;0;5;1;LRoy_Milton_Davenport;1947;1970;1999;x
DeLany;60040;USA;1938;1944;1953;1990;1;6;0;2;0;5;1;LWalter_Stanley_DeLany;1938;1955;1999;x
Draemel;60041;USA;1931;1940;1990;1990;2;5;0;2;0;5;1;LMilo_Frederick_Draemel;1931;1948;1999;x
Duncan C.K.;60042;USA;1953;1962;1965;1970;0;8;0;3;0;5;1;LCharles_Kenney_Duncan;1953;1970;1999;x
Durgin;60043;USA;1942;1944;1949;1990;1;6;8192;2;0;5;1;L60399;1942;1957;1999;x
Edwards;60044;USA;1935;1941;1942;1945;0;7;1024;3;0;5;1;L60400;1935;1949;1999;x
English;60045;USA;1938;1942;1990;1990;2;7;1024;2;0;5;1;L60401;1938;1952;1999;x
Fairfield A.P.;60046;USA;1932;1938;1990;1990;2;5;2560;2;0;5;1;LArthur_Philip_Fairfield;1932;1941;1999;x
Fechteler;60047;USA;1942;1944;1947;1990;1;7;0;3;0;5;1;L60402;1942;1961;1999;x
Felt;60048;USA;1946;1951;1956;1958;0;8;0;3;0;5;1;LHarry_Donald_Felt;1946;1966;1999;x
Ferrall;60049;USA;1945;1990;1990;1990;3;5;1024;1;0;5;1;LWilliam_Edward_Ferrall;1945;1969;1999;x
Fife;60050;USA;1942;1945;1990;1990;2;6;1024;2;0;5;1;L60403;1942;1962;1999;x
Fitch;60051;USA;1935;1938;1940;1942;0;8;4096;3;0;5;1;L60509;1935;1947;1999;x
Fitch;60052;USA;1935;1938;1940;1942;0;7;139264;3;0;5;2;L60509;1935;1947;1999;x
Fletcher;60053;USA;1936;1940;1942;1947;0;8;12288;3;0;5;1;L60404;1936;1949;1999;x
Friedell;60054;USA;1936;1944;1990;1990;3;6;1024;1;0;5;1;LWilhelm_Lee_Friedell;1936;1948;1999;x
Fuqua;60055;USA;1945;1990;1990;1990;3;5;0;1;0;5;1;L60405;1945;1963;1999;x
Galantin;60056;USA;1949;1955;1957;1965;0;7;9216;3;0;5;1;LIgnatius_Joseph_Galantin;1949;1970;1999;x
Gano;60057;USA;1946;1954;1959;1990;1;6;2048;1;0;5;1;L604059;1946;1966;1999;x
Gardner M.B.;60058;USA;1943;1944;1951;1990;1;7;4096;2;0;5;1;L60514;1943;1960;1999;x
Gardner M.B.;60059;USA;1943;1944;1951;1990;1;7;65536;2;0;5;2;L60514;1943;1960;1999;x
Ghormley;60060;USA;1935;1937;1939;1990;1;5;512;2;0;5;1;L60406;1935;1947;1999;x
Giffen;60061;USA;1951;1955;1960;1963;0;6;0;2;0;5;1;L60407;1951;1970;1999;x
Ginder;60062;USA;1942;1944;1990;1990;2;6;0;1;0;5;1;L60408;1942;1957;1999;x
Glassford;60063;USA;1936;1941;1942;1990;1;5;8192;2;0;5;1;L60409;1936;1950;1999;x
Glover;60064;USA;1943;1945;1955;1990;1;7;2048;2;0;5;1;L60410;1943;1961;1999;x
Greenslade;60065;USA;1928;1932;1942;1990;1;5;2048;2;0;5;1;LJohn_Wills_Greenslade;1928;1945;1999;x
Gygax;60066;USA;1932;1940;1990;1990;2;5;1024;1;0;5;1;L60412;1932;1948;1999;x
Hall Jr.;60067;USA;1940;1942;1945;1990;0;8;4096;3;0;5;1;L60413;1940;1955;1999;x
Halsey;60068;USA;1930;1937;1940;1943;0;7;4096;2;0;5;1;L60414;1930;1946;1999;x
Hamlet;60069;USA;1926;1933;1938;1990;1;7;512;3;0;5;1;Harry_G_Hamlet;1926;1939;1999;x
Hardison;60070;USA;1940;1943;1951;1990;1;6;8192;2;0;5;1;L60415;1940;1956;1999;x
Harrill;60071;USA;1942;1944;1990;1990;2;5;0;1;0;5;1;L60416;1942;1956;1999;x
Hart;60072;USA;1925;1929;1939;1942;1;8;4096;3;0;5;1;L60417;1925;1945;1999;x
Henderson G.R.;60073;USA;1942;1944;1990;1990;2;6;4096;2;0;5;1;L60418;1942;1957;1999;x
Hepburn;60074;USA;1918;1931;1936;1937;0;6;1536;2;0;5;1;M44635;1918;1942;1999;x
Hewitt;60075;USA;1931;1939;1942;1945;0;7;4096;2;0;5;1;L60419;1931;1951;1999;x
Hill H.W.;60076;USA;1938;1942;1945;1952;2;7;0;2;0;5;1;L60420;1938;1955;1999;x
Holloway Jr.;60077;USA;1943;1945;1953;1958;0;8;0;2;0;5;1;LJames_Lemuel_HollowayJr;1943;1962;1999;x
Hooper;60078;USA;1934;1938;1990;1990;2;5;0;1;0;5;1;LStanford_Caldwell_Hooper;1934;1950;1999;x
Hoover J.H.;60079;USA;1935;1941;1942;1990;1;8;0;3;0;5;1;LJohn_Howard_Hoover;1935;1951;1999;x
Horne;60080;USA;1929;1934;1936;1942;0;8;0;3;0;5;1;LFrederick_Joseph_Horne;1929;1946;1999;x
Hustvedt;60081;USA;1938;1943;1946;1990;1;7;0;2;0;5;1;LOlaf_Mandt_Hustvedt;1938;1950;1999;x
Ingersoll;60082;USA;1933;1938;1940;1942;0;8;2048;3;0;5;1;LRoyal_Eason_Ingersoll;1933;1947;1999;x
Ingram;60083;USA;1937;1941;1942;1944;0;7;0;2;0;5;1;L60422;1937;1950;1999;x
Jacobs;60084;USA;1938;1940;1941;1990;1;5;0;2;0;5;1;LRandall_Jacobs;1938;1949;1999;x
James;60085;USA;1937;1943;1945;1990;1;5;8192;2;0;5;1;LJules_James;1937;1949;1999;x
Johnson A.W.;60086;USA;1921;1932;1938;1990;1;6;12800;3;0;5;1;LAlfred_Wilkinson_Johnson;1921;1940;1999;x
Kalbfus;60087;USA;1927;1930;1937;1939;1;7;4608;3;0;5;1;L60423;1927;1941;1999;x
Kidd Sr.;60088;USA;1932;1940;1990;1990;2;5;0;2;0;5;1;L60389;1932;1948;1999;x
Kimmel;60089;USA;1929;1937;1939;1990;1;5;0;2;0;5;1;L60424;1929;1946;1999;x
King;60090;USA;1923;1933;1938;1941;0;8;4096;3;0;5;1;Kaiserreich EarnestKing;1923;1942;1999;x
Kirk;60091;USA;1939;1942;1944;1990;1;6;0;1;0;5;1;L60427;1939;1952;1999;x
Kitts;60092;USA;1942;1944;1990;1990;2;5;0;1;0;5;1;L60232;1942;1958;1999;x
Laning;60093;USA;1919;1929;1933;1935;0;6;8704;3;0;5;1;LHarris_Laning;1919;1937;1999;x
Leahy;60094;USA;1918;1927;1935;1937;0;7;512;3;0;5;1;Kaiserreich Leahy;1918;1939;1999;x
Lee Jr.;60095;USA;1938;1944;1944;1990;1;9;0;3;0;5;1;L60430;1938;1945;1999;x
Lockwood;60096;USA;1939;1942;1943;1990;1;8;1024;3;0;5;1;L60432;1939;1954;1999;x
Low;60097;USA;1940;1943;1947;1990;1;7;8192;3;0;5;1;LFrancis_Stuart_Low;1940;1958;1999;x
Marshall A.W.;60098;USA;1925;1933;1990;1990;2;5;4608;3;0;5;1;LAlbert_Ware_Marshall;1925;1938;1999;x
Mason;60099;USA;1941;1943;1990;1990;2;5;0;1;0;5;1;L60435;1941;1955;1999;x
McCain Jr.;60100;USA;1950;1958;1962;1967;0;7;3072;3;0;5;1;L604011;1950;1970;1999;x
McCain Sr.;60101;USA;1933;1941;1943;1990;1;6;0;2;0;5;1;L60436;1933;1945;1999;x
McCann;60102;USA;1941;1944;1950;1990;1;7;1024;2;0;5;1;Kaiserreich_U10_Allan_McCann;1941;1962;1999;x
McCollum;60103;USA;1942;1990;1990;1990;3;5;0;1;0;5;1;L60438;1942;1962;1999;x
McCormick;60104;USA;1941;1944;1946;1951;2;8;0;3;0;5;1;L60439;1941;1958;1999;x
McDonald D.L.;60105;USA;1948;1958;1960;1963;0;9;0;3;0;5;1;LDavid_Lamar_McDonald;1948;1970;1999;x
McKee;60106;USA;1938;1947;1990;1990;3;4;1024;1;0;5;1;L60440;1938;1960;1999;x
McMorris;60107;USA;1941;1943;1945;1990;1;7;8192;2;0;5;1;L60441;1941;1954;1999;x
Mitscher;60108;USA;1937;1942;1944;1946;0;9;0;3;0;5;1;L60539;1937;1947;1999;x
Mitscher;60109;USA;1937;1942;1944;1946;0;8;131072;3;0;5;2;L60539;1937;1947;1999;x
Momsen;60110;USA;1943;1948;1953;1990;1;7;1024;2;0;5;1;L60444;1943;1960;1999;x
Moon;60111;USA;1941;1944;1990;1990;2;5;4096;1;0;5;1;L60540;1941;1958;1999;x
Moore C.J.;60112;USA;1941;1990;1990;1990;3;5;0;1;0;5;1;L60445;1941;1953;1999;x
Moore S.N.;60113;USA;1942;1990;1990;1990;3;5;0;1;0;5;1;L60446;1942;1954;1999;x
Moorer;60114;USA;1948;1957;1962;1964;0;8;4096;3;0;5;1;Thomas_H_Moorer;1948;1970;1999;x
Moorer;60115;USA;1948;1957;1962;1964;0;7;131072;3;0;5;2;Thomas_H_Moorer;1948;1970;1999;x
Mullinnix;60116;USA;1941;1943;1990;1990;2;6;8192;2;0;5;1;L60447;1941;1956;1999;x
Mullinnix;60117;USA;1941;1943;1990;1990;2;6;8192;2;0;5;2;L60447;1941;1956;1999;x
Murfin;60118;USA;1921;1923;1935;1935;0;6;512;3;0;5;1;LOrin_Gould_Murfin;1921;1940;1999;x
Murphy V.R.;60119;USA;1940;1945;1948;1990;1;7;0;2;0;5;1;LVincent_Raphael_Murphy;1940;1960;1999;x
Newton J.H.;60120;USA;1933;1938;1943;1990;1;7;2048;2;0;5;1;LJohn_Henry_Newton;1933;1945;1999;x
Nimitz;60121;USA;1932;1938;1941;1944;1;9;12288;4;0;5;1;L60448;1932;1949;1999;x
Noyes;60122;USA;1934;1940;1990;1990;2;5;2048;1;0;5;1;L60449;1934;1951;1999;x
Ofstie;60123;USA;1943;1944;1953;1990;1;6;4096;2;0;5;1;L60450;1943;1956;1999;x
Oldendorf;60124;USA;1940;1942;1945;1949;1;6;8192;2;0;5;1;L60452;1940;1952;1999;x
Pownall;60125;USA;1939;1943;1990;1990;2;5;0;1;0;5;1;L60547;1939;1951;1999;x
Price;60126;USA;1941;1943;1948;1990;1;7;0;2;0;5;1;L60456;1941;1956;1999;x
Price;60127;USA;1941;1943;1948;1990;1;6;196608;2;0;5;2;L60456;1941;1956;1999;x
Purnell;60128;USA;1938;1941;1990;1990;2;6;0;2;0;5;1;LWilliam_Reynolds_Purnell;1938;1950;1999;x
Pye;60129;USA;1932;1940;1942;1990;1;7;4096;2;0;5;1;L60457;1932;1945;1999;x
Radford;60130;USA;1941;1943;1946;1949;1;8;4096;3;0;5;1;LArthur_William_Radford;1941;1960;1999;x
Reeves;60131;USA;1917;1923;1933;1934;0;8;4608;3;0;5;1;L60458;1917;1936;1999;x
Richardson J.;60132;USA;1929;1934;1939;1990;1;6;8704;3;0;5;1;LJames_Otto_Richardson;1929;1944;1999;x
Richmond A.C.;60133;USA;1945;1950;1954;1960;0;6;0;1;0;5;1;LAlfred_Carroll_Richmond;1945;1966;1999;x
Robbins Jr.;60134;USA;1943;1948;1990;1990;2;5;0;1;0;5;1;L60459;1943;1964;1999;x
Rodgers B.J.;60135;USA;1942;1946;1955;1990;1;6;4096;2;0;5;1;L60460;1942;1958;1999;x
Rodgers J.;60136;USA;1928;1935;1941;1990;1;7;0;2;0;5;1;LJohn_Rodgers1881;1928;1945;1999;x
Rowcliff;60137;USA;1928;1936;1990;1990;1;5;0;2;0;5;1;L604099;1928;1945;1999;x
Sallada;60138;USA;1941;1944;1947;1990;1;6;0;2;0;5;1;L60553;1941;1959;1999;x
Sallada;60139;USA;1941;1944;1947;1990;1;6;131072;2;0;5;2;L60553;1941;1959;1999;x
Sellers;60140;USA;1923;1927;1932;1933;0;6;4608;3;0;5;1;SellersTX;1923;1938;1999;x
Sexton;60141;USA;1922;1929;1933;1990;1;6;512;2;0;5;1;LWalton_Roswell_Sexton;1922;1940;1999;x
Schoeffel M.F.;60142;USA;1943;1950;1990;1990;3;5;0;1;0;5;1;L60461;1943;1962;1999;x
Scott;60143;USA;1939;1942;1990;1990;2;6;4096;2;0;5;1;L60462;1939;1953;1999;x
Shafroth Jr.;60144;USA;1938;1942;1948;1990;2;6;0;2;0;5;1;LJohn_Franklin_ShafrothJr;1938;1951;1999;x
Sherman F.C.;60145;USA;1940;1942;1945;1990;1;7;4096;2;0;5;1;L60463;1940;1953;1999;x
Smith W.W.;60146;USA;1939;1942;1945;1990;1;6;0;2;0;5;1;L60465;1939;1952;1999;x
Smith-Hutton;60147;USA;1942;1990;1990;1990;3;5;0;1;0;5;1;L60466;1942;1965;1999;x
Snyder;60148;USA;1925;1933;1939;1943;1;5;512;2;0;5;1;LCharles_Philip_Snyder;1925;1943;1999;x
Sprague C.A.F.;60149;USA;1941;1944;1951;1990;1;8;4096;2;0;5;1;Clifton_Sprague;1941;1961;1999;x
Sprague T.L.;60150;USA;1941;1944;1949;1990;1;8;0;3;0;5;1;L60468;1941;1958;1999;x
Spruance;60151;USA;1938;1940;1943;1944;0;9;4096;4;0;5;1;L60469;1938;1950;1999;x
Stark;60152;USA;1933;1935;1939;1990;1;6;2048;2;0;5;1;L60470;1933;1946;1999;x
Stump;60153;USA;1942;1944;1948;1953;0;7;0;2;0;5;1;L60471;1942;1958;1999;x
Tarrant;60154;USA;1922;1930;1936;1990;1;7;8704;3;0;5;1;LWilliam_Theodore_Tarrant;1922;1942;1999;x
Taussig;60155;USA;1921;1931;1936;1990;1;8;4608;3;0;5;1;LJoseph_Knefler_Taussig;1921;1943;1999;x
Taylor;60156;USA;1944;1952;1959;1990;1;7;8192;2;0;5;1;LEdmund_Battelle_Taylor;1944;1968;1999;x
Theobald;60157;USA;1935;1940;1990;1990;2;5;0;2;0;5;1;L60473;1935;1948;1999;x
Tison Jr.;60158;USA;1949;1961;1990;1990;2;5;8192;1;0;5;1;LJames_Chisolm_TisonJr;1949;1970;1999;x
Towers;60159;USA;1937;1939;1942;1946;0;9;0;3;0;5;1;L60474;1937;1949;1999;x
Towers;60160;USA;1937;1939;1942;1946;0;9;0;3;0;5;2;L60474;1937;1949;1999;x
Train;60161;USA;1940;1942;1990;1990;2;5;0;1;0;5;1;LHarold_Cecil_Train;1940;1951;1999;x
Turner R.K.;60162;USA;1935;1941;1943;1945;1;7;4096;3;0;5;1;Richmond_K;1935;1949;1999;x
Vernou;60163;USA;1930;1934;1990;1990;2;5;8704;2;0;5;1;LWalter_Newhall_Vernou;1930;1942;1999;x
Whiting;60164;USA;1929;1939;1990;1990;2;8;8192;3;0;5;1;LKenneth_Whiting;1929;1944;1999;x
Wilcox Jr.;60165;USA;1934;1938;1990;1990;2;5;0;2;0;5;1;LJohn_Walter_WilcoxJr;1934;1946;1999;x
Withers;60166;USA;1932;1941;1990;1990;2;5;1024;2;0;5;1;L60479;1932;1950;1999;x
Wright C.H.;60167;USA;1941;1947;1990;1990;2;5;0;1;0;5;1;L60480;1941;1956;1999;x
Yarnell;60168;USA;1927;1931;1933;1936;0;8;4608;3;0;5;1;LHarry_Ervin_Yarnell;1927;1940;1999;x
Anderson O.O.;60169;USA;1941;1944;1990;1990;2;7;32768;2;0;5;2;LOrvil_Orson_Anderson;1941;1959;1999;x
Anderson S.E.;60170;USA;1943;1948;1953;1959;0;7;16384;2;0;5;2;L60575;1943;1970;1999;x
Andrews;60171;USA;1936;1940;1942;1990;2;8;32768;3;0;5;2;L60482;1936;1948;1999;x
Arnold H.H.;60172;USA;1935;1938;1941;1944;1;7;33280;3;0;5;2;L60484;1935;1947;1999;x
Bingham III;60173;USA;1926;1990;1990;1990;3;5;512;2;0;5;2;LHiram_Bingham_III;1926;1939;1999;x
Bolling;60174;USA;1918;1931;1937;1990;1;6;8704;3;0;5;2;LRaynal_Cawthorne_Bolling;1918;1941;1999;x
Bradley F.;60175;USA;1938;1942;1990;1990;2;5;0;1;0;5;2;L60488;1938;1952;1999;x
Brant;60176;USA;1936;1941;1990;1990;2;5;8704;2;0;5;2;LGerald_Clark_Brant;1936;1944;1999;x
Brereton;60177;USA;1938;1941;1944;1990;1;5;147456;1;0;5;2;L60489;1938;1954;1999;x
Brett G.H.;60178;USA;1936;1940;1942;1990;1;5;0;2;0;5;2;L60490;1936;1950;1999;x
Brooks A.C.;60179;USA;1951;1965;1990;1990;3;6;0;1;0;5;2;L604038;1951;1970;1999;x
Brooks J.B.;60180;USA;1940;1943;1990;1990;2;5;8192;1;0;5;2;L60491;1940;1955;1999;x
Browne;60181;USA;1944;1951;1990;1990;2;5;16384;1;0;5;2;L60492;1944;1970;1999;x
Browning M.R.;60182;USA;1942;1947;1990;1990;2;8;131072;3;0;5;2;L60551;1942;1954;1999;x
Burch Jr.;60183;USA;1944;1990;1990;1990;3;5;131072;1;0;5;2;L60493;1944;1968;1999;x
Cabell;60184;USA;1944;1947;1951;1958;0;7;0;2;0;5;2;L60082;1944;1967;1999;x
Campbell H.D.;60185;USA;1936;1943;1990;1990;3;4;131072;1;0;5;2;U10 Harold Campbell;1936;1956;1999;x
Cannon J.K.;60186;USA;1941;1945;1951;1990;1;8;16384;3;0;5;2;L60495;1941;1956;1999;x
Chaney;60187;USA;1937;1941;1990;1990;2;5;16384;2;0;5;2;LJames_Eucene_Chaney;1937;1949;1999;x
Chennault;60188;USA;1936;1943;1990;1990;2;6;12288;2;0;5;2;Claire_Lee_Chennault;1936;1957;1999;x
Chickering;60189;USA;1945;1990;1990;1990;3;5;4096;1;0;5;2;L60498;1945;1970;1999;x
Chidlaw;60190;USA;1942;1945;1948;1951;0;7;65536;2;0;5;2;L60499;1942;1964;1999;x
Cochran P.G.;60191;USA;1944;1990;1990;1990;3;5;20480;1;0;5;2;L60500;1944;1970;1999;x
Cousins R.P.;60192;USA;1936;1942;1990;1990;2;6;8192;2;0;5;2;CousinsTX;1936;1955;1999;x
Craigie;60193;USA;1942;1946;1952;1990;1;6;0;1;0;5;2;Laurence_C_Craigie;1942;1966;1999;x
Curry;60194;USA;1936;1941;1990;1990;2;6;8192;2;0;5;2;LJohn_Francis_Curry;1936;1950;1999;x
Dargue;60195;USA;1937;1941;1944;1990;1;6;8192;2;0;5;2;LHerbert_Arthur_Dargue;1937;1950;1999;x
Davis Jr.;60196;USA;1947;1959;1965;1990;1;6;20480;1;0;5;2;L60503;1947;1970;1999;x
Doolittle;60197;USA;1940;1942;1944;1990;1;8;73728;3;0;5;2;L60505;1940;1960;1999;x
Duncan A.N.;60198;USA;1941;1990;1990;1990;3;5;8192;1;0;5;2;LAsa_North_Duncan;1941;1956;1999;x
Eaker;60199;USA;1938;1942;1945;1990;1;7;0;2;0;5;2;Ira_C_Eaker;1938;1960;1999;x
Ellsworth R.E.;60200;USA;1944;1990;1990;1990;3;6;8192;1;0;5;2;L604052;1944;1970;1999;x
Elmendorf;60201;USA;1941;1990;1990;1990;3;6;4096;1;0;5;2;LHugh_Merle_Elmendorf;1941;1959;1999;x
Emmons;60202;USA;1936;1939;1943;1990;1;6;0;2;0;5;2;L60148;1936;1953;1999;x
Eubank;60203;USA;1942;1946;1990;1990;2;5;0;1;0;5;2;LEugene_Lowry_Eubank;1942;1956;1999;x
Everest F.F.;60204;USA;1944;1948;1952;1957;0;6;49152;2;0;5;2;LFrank_Fort_Everest;1944;1968;1999;x
Fechet;60205;USA;1925;1928;1932;1990;1;8;512;4;0;5;2;Fechet JE;1925;1941;1999;x
Ferguson;60206;USA;1946;1955;1961;1966;1;6;20480;2;0;5;2;LJames_Ferguson;1946;1970;1999;x
Forrest III;60207;USA;1943;1990;1990;1990;3;5;32768;1;0;5;2;L60510;1943;1969;1999;x
Foulois;60208;USA;1918;1931;1937;1990;1;6;4608;3;0;5;2;U10 Benjamin Foulois;1918;1943;1999;x
Frank;60209;USA;1938;1942;1990;1990;2;6;0;2;0;5;2;L60511;1938;1950;1999;x
Geiger;60210;USA;1931;1942;1945;1990;1;8;0;3;0;5;2;L60169;1931;1947;1999;x
Geiger;60211;USA;1931;1942;1945;1990;1;8;260;3;0;5;0;L60169;1931;1947;1999;x
Gerhart;60212;USA;1945;1952;1957;1962;0;6;32768;1;0;5;2;M44634;1945;1970;1999;x
George H.H.;60213;USA;1938;1943;1990;1990;2;7;4096;2;0;5;2;LHarold_Huston_George;1938;1956;1999;x
Giles B.M.;60214;USA;1938;1942;1944;1990;1;7;32768;2;0;5;2;L60517;1938;1956;1999;x
Gillmore W.E.;60215;USA;1926;1990;1990;1990;3;5;512;3;0;5;2;LWilliam_Eugene_Gillmore;1926;1940;1999;x
Goodwin;60216;USA;1944;1949;1990;1990;2;6;131072;2;0;5;2;L60518;1944;1964;1999;x
Hale;60217;USA;1940;1942;1945;1990;1;6;32768;2;0;5;2;LWillis_Henry_Hale;1940;1957;1999;x
Hansell Jr.;60218;USA;1942;1947;1952;1990;2;7;40960;2;0;5;2;LHaywood_Shepherd_HansellJr;1942;1967;1999;x
Harmon E.E.;60219;USA;1939;1990;1990;1990;3;7;0;2;0;5;2;LErnest_Emery_Harmon;1939;1957;1999;x
Harmon H.R.;60220;USA;1941;1942;1948;1990;1;7;0;2;0;5;2;L60521;1941;1956;1999;x
Harmon M.F.;60221;USA;1936;1942;1943;1990;1;6;12288;2;0;5;2;L60522;1936;1952;1999;x
Harris T.F.;60222;USA;1941;1944;1951;1990;1;7;16384;2;0;5;2;L60198;1941;1959;1999;x
Hickam;60223;USA;1938;1990;1990;1990;3;5;65536;2;0;5;2;LHorace_Meek_Hickam;1938;1949;1999;x
Holloway B.K.;60224;USA;1946;1961;1965;1966;0;8;4096;3;0;5;2;Holloway;1946;1970;1999;x
Hunter;60225;USA;1940;1943;1990;1990;2;6;4096;2;0;5;2;LFrank_ODriscoll_Hunter;1940;1958;1999;x
Jackson M.J.;60226;USA;1946;1990;1990;1990;3;6;4096;1;0;5;2;L60524;1946;1970;1999;x
Jerome;60227;USA;1945;1952;1959;1990;1;6;24576;2;0;5;2;LClayton_Charles_Jerome;1945;1970;1999;x
Johnson D.;60228;USA;1936;1941;1990;1990;2;5;16384;1;0;5;2;LDavenport_Johnson;1936;1954;1999;x
Johnson H.A.;60229;USA;1942;1950;1990;1990;2;6;8192;1;0;5;2;L60525;1942;1957;1999;x
Johnson L.W.;60230;USA;1943;1948;1952;1958;0;6;8192;2;0;5;2;LLeon_William_Johnson;1943;1968;1999;x
Kelly J.W.;60231;USA;1945;1958;1960;1963;0;7;49152;2;0;5;2;L604078;1945;1970;1999;x
Kelsey;60232;USA;1946;1990;1990;1990;3;7;4096;2;0;5;2;LBenjamin_Scovill_Kelsey;1946;1970;1999;x
Kenney;60233;USA;1939;1942;1943;1945;0;8;16384;3;0;5;2;L60527;1939;1953;1999;x
Kepner;60234;USA;1941;1943;1950;1990;1;7;4096;2;0;5;2;L60528;1941;1957;1999;x
Kleine;60235;USA;1946;1990;1990;1990;3;5;4096;1;0;5;2;L60529;1946;1970;1999;x
Knerr;60236;USA;1936;1940;1944;1990;1;8;32768;2;0;5;2;LHugh_Johnston_Knerr;1936;1951;1999;x
Kratz;60237;USA;1946;1990;1990;1990;3;8;65536;2;0;5;2;LWinston_Weidner_Kratz;1946;1970;1999;x
Krogstad;60238;USA;1938;1990;1990;1990;3;5;0;2;0;5;2;L60530;1938;1949;1999;x
Kuter;60239;USA;1942;1944;1951;1955;0;8;32768;3;0;5;2;L60531;1942;1969;1999;x
Lackland;60240;USA;1936;1940;1990;1990;2;6;0;2;0;5;2;LFrank_Dorwin_Lackland;1936;1943;1999;x
Lahm;60241;USA;1926;1940;1990;1990;2;6;512;3;0;5;2;LFrank_Purdy_Lahm;1926;1941;1999;x
Larkin C.A.;60242;USA;1942;1944;1946;1990;1;6;4096;2;0;5;2;L60236;1942;1955;1999;x
LeMay;60243;USA;1943;1944;1948;1951;0;9;0;3;0;5;2;L60532;1943;1970;1999;x
Lincoln R.B.;60244;USA;1936;1941;1990;1990;2;5;0;2;0;5;2;LRush_Blodget_Lincoln;1936;1945;1999;x
Longfellow;60245;USA;1942;1990;1990;1990;3;6;32768;2;0;5;2;LNewton_Longfellow;1942;1954;1999;x
Martin F.L.;60246;USA;1936;1940;1990;1990;2;6;0;2;0;5;2;LFrederick_Leroy_Martin;1936;1946;1999;x
McCarty;60247;USA;1945;1990;1990;1990;3;5;0;1;0;5;2;LChester_E_McCarty;1945;1969;1999;x
McConnell J.P.;60248;USA;1944;1951;1961;1962;0;9;0;3;0;5;2;LJohn_Paul_McConnell;1944;1970;1999;x
McCutcheon;60249;USA;1951;1966;1970;1990;2;7;147456;2;0;5;2;M44642;1951;1970;1999;x
McDonald G.C.;60250;USA;1942;1946;1990;1990;2;5;8192;1;0;5;2;L60536;1942;1956;1999;x
McNarney;60251;USA;1940;1942;1945;1990;1;6;0;2;0;5;2;L60537;1940;1957;1999;x
Megee;60252;USA;1945;1951;1956;1959;1;8;16384;3;0;5;2;LVernon_Edgar_Megee;1945;1964;1999;x
Mitchell R.J.;60253;USA;1939;1943;1948;1990;2;6;147456;2;0;5;2;U10 Ralph Mitchell;1939;1955;1999;x
Mulcahy;60254;USA;1940;1943;1990;1990;2;6;16384;2;0;5;2;L60541;1940;1958;1999;x
Murray G.D.;60255;USA;1939;1942;1945;1990;1;5;131072;1;0;5;2;Kaiserreich_U10_George_Murray;1939;1953;1999;x
Norstad;60256;USA;1943;1945;1948;1952;0;7;24576;2;0;5;2;L60543;1943;1970;1999;x
Patterson;60257;USA;1941;1990;1990;1990;3;5;16384;1;0;5;2;KR_Frank_Stewart_Patterson;1941;1961;1999;x
Peabody H.;60258;USA;1942;1990;1990;1990;3;5;0;1;0;5;2;L60546;1942;1957;1999;x
Richardson H.C.;60259;USA;1935;1990;1990;1990;3;5;139776;3;0;5;2;LHolden_Chester_Richardson;1935;1942;1999;x
Power;60260;USA;1945;1948;1954;1957;0;7;98304;3;0;5;2;LThomas_Sarsfield_Power;1945;1969;1999;x
Quesada;60261;USA;1942;1944;1948;1990;1;7;20480;2;0;5;2;L60548;1942;1968;1999;x
Richmond L.H.;60262;USA;1953;1965;1990;1990;2;5;4096;1;0;5;2;L60549;1953;1970;1999;x
Robins;60263;USA;1935;1990;1990;1990;3;8;0;2;0;5;2;LAugustine_Warner_Robins;1935;1940;1999;x
Rowell R.E.;60264;USA;1935;1942;1946;1990;2;5;81920;2;0;5;2;LRoss_Erastus_Rowell;1935;1947;1999;x
Royce;60265;USA;1941;1946;1990;1990;2;5;0;1;0;5;2;L60550;1941;1954;1999;x
Ryan J.D.;60266;USA;1946;1956;1963;1965;0;7;32768;2;0;5;2;L60552;1946;1970;1999;x
Sanders H.L.;60267;USA;1943;1950;1990;1990;2;5;20480;1;0;5;2;L60554;1943;1970;1999;x
Sanderson L.;60268;USA;1944;1951;1990;1990;2;6;147456;2;0;5;2;L60320;1944;1959;1999;x
Saunders;60269;USA;1943;1990;1990;1990;3;7;32768;2;0;5;2;LLaVerne_George_Saunders;1943;1967;1999;x
Saville;60270;USA;1943;1949;1990;1990;2;8;12288;2;0;5;2;LGordon_Philip_Saville;1943;1966;1999;x
Schilling;60271;USA;1948;1990;1990;1990;3;8;4096;2;0;5;2;USA_Schilling;1948;1970;1999;x
Schilt;60272;USA;1942;1945;1951;1955;0;7;65536;2;0;5;2;LChristian_Frank_Schilt;1942;1959;1999;x
Schlatter D.M.;60273;USA;1943;1945;1951;1990;1;7;0;2;0;5;2;L60555;1943;1965;1999;x
Smith J.;60274;USA;1944;1949;1951;1955;1;6;65536;2;0;5;2;LJoseph_Smith1901;1944;1965;1999;x
Spaatz;60275;USA;1939;1942;1944;1947;0;8;49152;4;0;5;2;KRSpaatz;1939;1955;1999;x
Spencer;60276;USA;1936;1990;1990;1990;3;5;131072;2;0;5;2;LEarl_Winfield_Spencer_Jr;1936;1952;1999;x
Stenseth;60277;USA;1942;1990;1990;1990;3;5;4096;1;0;5;2;LMartinus_Stenseth;1942;1954;1999;x
Streett;60278;USA;1941;1943;1990;1990;2;6;0;2;0;5;2;LSt_Clair_Streett;1941;1957;1999;x
Stratemeyer;60279;USA;1941;1943;1945;1990;1;7;0;2;0;5;2;L604106;1941;1954;1999;x
Thach;60280;USA;1944;1955;1960;1965;0;6;12288;2;0;5;2;LJohn_Smith_Thach;1944;1969;1999;x
Timberlake E.J.;60281;USA;1942;1949;1961;1990;1;6;32768;2;0;5;2;LEdward_Julius_Timberlake;1942;1970;1999;x
Timberlake P.W.;60282;USA;1942;1947;1955;1990;1;6;16384;2;0;5;2;L60558;1942;1965;1999;x
Trapnell F.M.;60283;USA;1943;1951;1952;1955;1;8;131072;2;0;5;2;LFrederick_Mackay_Trapnell;1943;1966;1999;x
Turner T.;60284;USA;1929;1937;1990;1990;2;6;8192;3;0;5;2;LThomas_Caldwell_Turner;1929;1946;1999;x
Twining N.F.;60285;USA;1942;1943;1945;1950;0;8;32768;3;0;5;2;L60560;1942;1961;1999;x
Vandenberg;60286;USA;1942;1944;1945;1948;0;6;0;2;0;5;2;L60358;1942;1954;1999;x
Walker K.N.;60287;USA;1942;1990;1990;1990;3;6;32768;1;0;5;2;L60563;1942;1962;1999;x
Walsh R.L.;60288;USA;1941;1947;1990;1990;2;5;8192;1;0;5;2;LRobert_LeGrow_Walsh;1941;1958;1999;x
Walton L.A.;60289;USA;1940;1948;1990;1990;2;5;16384;2;0;5;2;L60564;1940;1954;1999;x
Weaver W.R.;60290;USA;1936;1941;1990;1990;2;7;0;2;0;5;2;LWalter_Reed_Weaver;1936;1946;1999;x
Westover;60291;USA;1932;1936;1940;1990;1;6;16384;2;0;5;2;M6010;1932;1947;1999;x
Weyland;60292;USA;1943;1945;1951;1953;0;7;20480;2;0;5;2;L60566;1943;1967;1999;x
White T.D.;60293;USA;1942;1946;1948;1953;0;8;0;2;0;5;2;L60567;1942;1965;1999;x
Whitehead;60294;USA;1942;1943;1945;1990;1;8;0;3;0;5;2;L60568;1942;1959;1999;x
Williams R.B.;60295;USA;1942;1944;1990;1990;2;6;32768;1;0;5;2;WilliamsTX;1942;1947;1999;x
Woods L.E.;60296;USA;1942;1944;1990;1990;2;6;16384;2;0;5;2;L60570;1942;1959;1999;x
Yancey;60297;USA;1946;1990;1990;1990;3;8;65536;3;0;5;2;LWilliam_Rufus_Yancey;1946;1970;1999;x
Yount B.K.;60298;USA;1936;1941;1943;1990;1;6;0;2;0;5;2;LBarton_Kyle_Yount;1936;1948;1999;x
Zemke;60299;USA;1944;1990;1990;1990;3;8;4096;2;0;5;2;L60572;1944;1970;1999;x
Abrams;60300;USA;1945;1960;1963;1990;1;8;1073741952;2;0;5;0;Kaiserreich_U10_Creighton_Abrams;1945;1970;1999;x
Adams;60301;USA;1945;1947;1959;1962;0;7;260;2;0;5;0;L60000;1945;1970;1999;x
Alexander G.M.;60302;USA;1940;1990;1990;1990;3;4;2;1;0;5;0;L60001;1940;1953;1999;x
Allen L.C.;60303;USA;1942;1943;1990;1990;2;5;0;1;0;5;0;LLeven_Cooper_Allen;1942;1958;1999;x
Allen Jr. F.A.;60304;USA;1942;1948;1990;1990;2;5;128;1;0;5;0;L60005;1942;1960;1999;x
Allen R.R.;60305;USA;1942;1944;1990;1990;2;5;128;1;0;5;0;L60006;1942;1958;1999;x
Allan T.;60306;USA;1940;1942;1990;1990;2;6;4;2;0;5;0;L60125;1940;1952;1999;x
Almond;60307;USA;1942;1944;1951;1990;1;5;8388608;2;0;5;0;L60007;1942;1956;1999;x
Althaus;60308;USA;1943;1990;1990;1990;3;4;128;1;0;5;0;L60008;1943;1959;1999;x
Anderson A.E.;60309;USA;1938;1990;1990;1990;3;4;0;1;0;5;0;L60009;1938;1942;1999;x
Anderson J.B.;60310;USA;1942;1944;1990;1990;2;5;8;1;0;5;0;L60010;1942;1955;1999;x
Anderson J.W.;60311;USA;1941;1942;1990;1990;2;6;64;2;0;5;0;L60011;1941;1954;1999;x
Andrus;60312;USA;1942;1945;1990;1990;2;5;6;1;0;5;0;L60012;1942;1954;1999;x
Arms;60313;USA;1943;1990;1990;1990;3;4;0;1;0;5;0;L60014;1943;1957;1999;x
Armstrong C.H.;60314;USA;1943;1990;1990;1990;3;6;2;2;0;5;0;L60015;1943;1959;1999;x
Arnold A.V.;60315;USA;1941;1944;1990;1990;2;5;68;1;0;5;0;LArchibald_Vincent_Arnold;1941;1953;1999;x
Arnold W.H.;60316;USA;1943;1945;1953;1990;1;6;0;2;0;5;0;L60016;1943;1966;1999;x
Arrowsmith;60317;USA;1943;1990;1990;1990;3;4;32;0;0;5;0;L60017;1943;1958;1999;x
Baade;60318;USA;1941;1943;1990;1990;2;5;16777218;2;0;5;0;L60018;1941;1953;1999;x
Babcock Jr.;60319;USA;1946;1956;1990;1990;2;6;4;2;0;5;0;LConrad_Stanton_BabcockJr;1946;1966;1999;x
Baehr;60320;USA;1941;1990;1990;1990;3;5;64;1;0;5;0;L60019;1941;1949;1999;x
Baer;60321;USA;1936;1990;1990;1990;3;5;1;1;0;5;0;LJoseph_Augustus_Baer;1936;1943;1999;x
Baird H.W.;60322;USA;1938;1941;1990;1990;2;4;128;2;0;5;0;L60020;1938;1945;1999;x
Baker F.;60323;USA;1942;1990;1990;1990;3;4;0;1;0;5;0;L60021;1942;1955;1999;x
Baker M.G.;60324;USA;1938;1943;1954;1990;2;5;0;1;0;5;0;LMilton_Grafly_Baker;1938;1960;1999;x
Baker W.C.;60325;USA;1927;1937;1990;1990;2;5;608;2;0;5;0;LWalter_Campbell_Baker;1927;1941;1999;x
Barker R.W.;60326;USA;1942;1943;1990;1990;2;6;64;2;0;5;0;L60022;1942;1953;1999;x
Barnes J.F.;60327;USA;1941;1942;1990;1990;2;6;64;2;0;5;0;L60023;1941;1953;1999;x
Barnett A.J.;60328;USA;1942;1944;1990;1990;2;5;0;1;0;5;0;L60024;1942;1956;1999;x
Barr;60329;USA;1942;1944;1990;1990;2;6;128;1;0;5;0;L60025;1942;1959;1999;x
Barrett;60330;USA;1940;1942;1990;1990;2;5;320;2;0;5;0;L60026;1940;1949;1999;x
Barton;60331;USA;1942;1944;1990;1990;2;5;4;1;0;5;0;L60027;1942;1953;1999;x
Beasly;60332;USA;1942;1959;1990;1990;2;5;64;1;0;5;0;L60029;1942;1956;1999;x
Beck Jr.;60333;USA;1936;1938;1990;1990;2;5;516;2;0;5;0;LRobert_McCandlass_BeckJr;1936;1943;1999;x
Beiderlinden;60334;USA;1943;1949;1990;1990;2;6;68;2;0;5;0;L60032;1943;1959;1999;x
Beightler;60335;USA;1940;1941;1990;1990;2;6;0;2;0;5;0;L60033;1940;1960;1999;x
Berkeley R.C.;60336;USA;1930;1990;1990;1990;3;5;768;2;0;5;0;LRandolph_Carter_Berkeley;1930;1939;1999;x
Berry;60337;USA;1945;1955;1990;1990;2;5;2;1;0;5;0;LRobert_Ward_Berry;1945;1966;1999;x
Billingslea;60338;USA;1946;1963;1990;1990;3;6;258;1;0;5;0;L60034;1946;1970;1999;x
Birkhead;60339;USA;1924;1936;1990;1990;2;5;68;2;0;5;0;L60035;1924;1944;1999;x
Bishop;60340;USA;1934;1938;1990;1990;2;4;514;1;0;5;0;LPercy_Poe_Bishop;1934;1941;1999;x
Bissell J.T.B.;60341;USA;1944;1990;1990;1990;3;4;64;1;0;5;0;L60036;1944;1957;1999;x
Bixby;60342;USA;1944;1990;1990;1990;3;5;4;1;0;5;0;L60037;1944;1963;1999;x
Blakeley;60343;USA;1942;1945;1990;1990;2;5;4;1;0;5;0;L60039;1942;1957;1999;x
Blanding;60344;USA;1918;1924;1936;1990;2;6;513;3;0;5;0;LAlbert_Hazen_Blanding;1918;1940;1999;x
Blount;60345;USA;1942;1990;1990;1990;3;4;1;1;0;5;0;L60040;1942;1953;1999;x
Bluemel;60346;USA;1940;1990;1990;1990;3;5;256;2;0;5;0;L60041;1940;1949;1999;x
Boatner;60347;USA;1943;1953;1990;1990;2;6;17;1;0;5;0;L60042;1943;1965;1999;x
Bolling;60348;USA;1942;1945;1952;1990;1;7;16;2;0;5;0;L60045;1942;1959;1999;x
Bolte;60349;USA;1942;1943;1951;1953;0;8;8388612;3;0;5;0;L60046;1942;1959;1999;x
Bonesteel III;60350;USA;1948;1954;1962;1966;0;9;0;3;0;5;0;L60047;1948;1970;1999;x
Bonesteel Jr.;60351;USA;1938;1941;1990;1990;2;5;0;2;0;5;0;LCharles_Hartwell_BonesteelJr;1938;1949;1999;x
Booth;60352;USA;1944;1953;1957;1990;1;6;33;2;0;5;0;L60048;1944;1960;1999;x
Boudinot;60353;USA;1944;1990;1990;1990;3;5;192;1;0;5;0;L60049;1944;1959;1999;x
Bowen F.S.;60354;USA;1945;1951;1990;1990;2;6;257;2;0;5;0;L60050;1945;1969;1999;x
Bowley;60355;USA;1921;1931;1939;1990;2;6;514;4;0;5;0;L60051;1921;1939;1999;x
Bowman F.O.;60356;USA;1944;1951;1990;1990;2;6;32;2;0;5;0;L60052;1944;1960;1999;x
Boyd;60357;USA;1942;1990;1990;1990;3;4;0;1;0;5;0;L60053;1942;1955;1999;x
Bradford K.S.;60358;USA;1941;1990;1990;1990;3;4;1;1;0;5;0;L60054;1941;1953;1999;x
Bradford W.B.;60359;USA;1943;1952;1990;1990;2;5;4;1;0;5;0;L60055;1943;1960;1999;x
Bradley J.L.;60360;USA;1941;1942;1990;1990;2;7;4;2;0;5;0;L60056;1941;1955;1999;x
Bradley O.N.;60361;USA;1941;1943;1945;1949;1;8;268435456;3;0;5;0;L60057;1941;1957;1999;x
Bradshaw Jr.;60362;USA;1943;1948;1990;1990;2;6;2;2;0;5;0;L60058;1943;1959;1999;x
Brann;60363;USA;1943;1945;1990;1990;2;5;68;1;0;5;0;L60059;1943;1959;1999;x
Braun;60364;USA;1944;1990;1990;1990;3;5;130;1;0;5;0;L60060;1944;1959;1999;x
Breckinridge;60365;USA;1931;1935;1939;1990;1;7;768;3;0;5;0;LJames_Carson_Breckinridge;1931;1941;1999;x
Brees;60366;USA;1930;1936;1940;1990;1;6;513;2;0;5;0;L60061;1930;1941;1999;x
Brett S.;60367;USA;1940;1943;1990;1990;3;7;128;2;0;5;0;L60062;1940;1953;1999;x
Brewer;60368;USA;1941;1942;1990;1990;2;6;68;2;0;5;0;L60063;1941;1954;1999;x
Brougher;60369;USA;1942;1990;1990;1990;3;5;0;1;0;5;0;L60066;1942;1953;1999;x
Brown A.E.;60370;USA;1941;1943;1990;1990;2;5;8388608;1;0;5;0;L60067;1941;1953;1999;x
Brown L.;60371;USA;1920;1929;1990;1990;2;5;524832;3;0;5;0;LLytle_Brown;1920;1936;1999;x
Bruce A.D.;60372;USA;1941;1943;1951;1990;1;7;2;2;0;5;0;L60068;1941;1958;1999;x
Brush;60373;USA;1941;1942;1990;1990;2;5;256;1;0;5;0;L60069;1941;1953;1999;x
Bryden;60374;USA;1937;1942;1990;1990;2;6;64;1;0;5;0;L60070;1937;1944;1999;x
Bucher;60375;USA;1943;1990;1990;1990;3;4;2;1;0;5;0;L60071;1943;1954;1999;x
Buckner Jr.;60376;USA;1939;1941;1943;1990;2;7;33554436;2;0;5;0;L60073;1939;1950;1999;x
Buechler;60377;USA;1943;1990;1990;1990;3;5;3;1;0;5;0;L60074;1943;1957;1999;x
Bullene;60378;USA;1943;1951;1990;1990;2;5;64;1;0;5;0;LEgbert_Frank_Bullene;1943;1959;1999;x
Bundel;60379;USA;1934;1990;1990;1990;3;5;576;2;0;5;0;LCharles_Michael_Bundel;1934;1939;1999;x
Burgin;60380;USA;1938;1941;1990;1990;2;6;2;2;0;5;0;LHenry_Tacitus_Burgin;1938;1946;1999;x
Burnell N.A.;60381;USA;1943;1990;1990;1990;3;5;2;1;0;5;0;L60077;1943;1961;1999;x
Burress;60382;USA;1942;1943;1953;1990;1;6;0;2;0;5;0;L60078;1942;1958;1999;x
Busbee;60383;USA;1942;1990;1990;1990;3;5;64;1;0;5;0;L60079;1942;1957;1999;x
Butler F.B.;60384;USA;1943;1990;1990;1990;3;5;262176;1;0;5;0;L60080;1943;1960;1999;x
Butner;60385;USA;1918;1936;1990;1990;2;5;514;2;0;5;0;LHenry_Wolfe_Butner;1918;1939;1999;x
Byers;60386;USA;1943;1945;1955;1990;1;8;256;2;0;5;0;L60081;1943;1963;1999;x
Caffey;60387;USA;1943;1990;1990;1990;3;5;256;1;0;5;0;L60083;1943;1957;1999;x
Camp;60388;USA;1942;1990;1990;1990;3;4;128;1;0;5;0;L60085;1942;1950;1999;x
Campbell M.A.;60389;USA;1941;1945;1990;1990;2;5;1;2;0;5;0;LMurdock_Alexander_Campbell;1941;1953;1999;x
Campbell W.A.;60390;USA;1942;1990;1990;1990;3;5;64;1;0;5;0;L60086;1942;1951;1999;x
Canham;60391;USA;1944;1952;1990;1990;2;7;256;2;0;5;0;L60087;1944;1963;1999;x
Canine;60392;USA;1944;1949;1952;1990;1;8;0;2;0;5;0;L60088;1944;1959;1999;x
Cannon R.M.;60393;USA;1943;1952;1957;1990;1;5;65;2;0;5;0;L60089;1943;1965;1999;x
Carlson;60394;USA;1942;1990;1990;1990;3;6;134218000;2;0;5;0;L573011;1942;1960;1999;x
Casey;60395;USA;1942;1944;1990;1990;2;6;33;2;0;5;0;L60090;1942;1962;1999;x
Cates;60396;USA;1942;1944;1948;1954;0;8;256;3;0;5;0;L60091;1942;1957;1999;x
Chaffee;60397;USA;1937;1940;1990;1990;3;6;132;2;0;5;0;L60092;1937;1941;1999;x
Chamberlin S.J.;60398;USA;1942;1943;1948;1990;1;7;0;2;0;5;0;L60093;1942;1953;1999;x
Chapman;60399;USA;1942;1943;1990;1990;2;5;256;2;0;5;0;L60094;1942;1954;1999;x
Chase;60400;USA;1943;1945;1990;1990;2;6;4;2;0;5;0;L60095;1943;1959;1999;x
Cheney S.A.;60401;USA;1918;1990;1990;1990;2;5;544;3;0;5;0;LSherwood_Alfred_Cheney;1918;1937;1999;x
Christiansen;60402;USA;1943;1945;1990;1990;2;5;160;1;0;5;0;L60096;1943;1962;1999;x
Chynoweth;60403;USA;1941;1945;1990;1990;2;6;144;2;0;5;0;L60097;1941;1954;1999;x
Clark F.S.;60404;USA;1940;1990;1990;1990;3;4;2;1;0;5;0;LFrank_Sheldon_Clark;1940;1949;1999;x
Clark M.W.;60405;USA;1941;1943;1945;1990;1;7;33554432;3;0;5;0;L60098;1941;1960;1999;x
Clarke B.C.;60406;USA;1945;1951;1953;1958;0;7;160;2;0;5;0;L60099;1945;1966;1999;x
Clarkson P.W.;60407;USA;1942;1943;1990;1990;2;5;4;1;0;5;0;L60100;1942;1957;1999;x
Clay;60408;USA;1942;1943;1945;1948;1;8;1;3;0;5;0;L60101;1942;1961;1999;x
Colbern;60409;USA;1942;1955;1990;1990;2;5;64;1;0;5;0;L60102;1942;1959;1999;x
Cole W.E.;60410;USA;1918;1936;1990;1990;2;5;514;2;0;5;0;LWilliam_Edward_Cole;1918;1938;1999;x
Collier J.H.;60411;USA;1942;1951;1954;1990;1;7;128;2;0;5;0;L60103;1942;1962;1999;x
Collins H.J.;60412;USA;1942;1943;1990;1990;2;5;0;1;0;5;0;L60104;1942;1959;1999;x
Collins J.F.;60413;USA;1945;1954;1958;1961;0;9;4;3;0;5;0;LJames_Francis_Collins;1945;1969;1999;x
Collins J.L.;60414;USA;1942;1943;1945;1948;1;8;20;3;0;5;0;L60105;1942;1960;1999;x
Collins L.P.;60415;USA;1938;1990;1990;1990;3;4;2;2;0;5;0;LLeroy_Pierce_Collins;1938;1947;1999;x
Colson;60416;USA;1944;1990;1990;1990;3;5;128;1;0;5;0;L60106;1944;1960;1999;x
Conklin;60417;USA;1943;1990;1990;1990;3;5;262176;1;0;5;0;L60107;1943;1954;1999;x
Connor F.;60418;USA;1918;1925;1930;1990;1;8;268435969;4;0;5;0;M5573000;1918;1938;1999;x
Connor W.D.;60419;USA;1918;1925;1990;1990;2;6;544;3;0;5;0;LWilliam_Durward_Connor;1918;1938;1999;x
Cook G.R.;60420;USA;1941;1942;1990;1990;2;6;0;2;0;5;0;L60108;1941;1953;1999;x
Corlett;60421;USA;1941;1942;1990;1990;2;7;5;2;0;5;0;L60109;1941;1953;1999;x
Coulter;60422;USA;1941;1943;1951;1990;1;6;4194316;2;0;5;0;L60110;1941;1955;1999;x
Cox A.L.;60423;USA;1936;1942;1990;1990;2;5;0;2;0;5;0;LAlbert_Lyman_Cox;1936;1947;1999;x
Cox R.F.;60424;USA;1940;1990;1990;1990;3;4;2;1;0;5;0;L60111;1940;1950;1999;x
Craig M.;60425;USA;1920;1924;1935;1990;1;7;1073742340;3;0;5;0;L60112;1920;1939;1999;x
Crain;60426;USA;1940;1942;1990;1990;2;4;544;2;0;5;0;LJames_Kerr_Crain;1940;1943;1999;x
Crawford R.C.;60427;USA;1941;1948;1990;1990;2;6;32;2;0;5;0;LRoscoe_Campbell_Crawford;1941;1951;1999;x
Crittenberger;60428;USA;1941;1942;1945;1990;1;7;128;2;0;5;0;L60114;1941;1954;1999;x
Culin Jr.;60429;USA;1941;1945;1990;1990;2;5;8388609;1;0;5;0;L60116;1941;1956;1999;x
Cummins;60430;USA;1936;1940;1990;1990;2;5;514;2;0;5;0;L60117;1936;1945;1999;x
Dager;60431;USA;1942;1945;1990;1990;2;6;1073741952;2;0;5;0;L60118;1942;1957;1999;x
Dahlquist;60432;USA;1942;1943;1953;1955;0;6;1;2;0;5;0;L60119;1942;1960;1999;x
Dalbey;60433;USA;1945;1990;1990;1990;3;5;256;1;0;5;0;LJosiah_Toney_Dalbey;1945;1962;1999;x
Daley;60434;USA;1938;1940;1990;1990;2;4;32;2;0;5;0;LEdmund_Leo_Daley;1938;1947;1999;x
Daly;60435;USA;1943;1990;1990;1990;3;4;128;1;0;5;0;L60120;1943;1955;1999;x
Danford;60436;USA;1936;1938;1990;1990;2;6;518;2;0;5;0;LRobert_Melville_Danford;1936;1943;1999;x
Daniel;60437;USA;1942;1990;1990;1990;3;5;128;1;0;5;0;L60121;1944;1960;1999;x
Darby;60438;USA;1944;1990;1990;1990;3;6;4194560;1;0;5;0;LWilliam_Orlando_Darby;1944;1970;1999;x
Dasher Jr.;60439;USA;1945;1952;1990;1990;2;6;4;2;0;5;0;LCharles_Lanier_DasherJr;1945;1964;1999;x
Davidson;60440;USA;1943;1952;1957;1990;1;7;39;2;0;5;0;L60122;1943;1968;1999;x
Davis Sr. B.O.;60441;USA;1940;1990;1990;1990;3;5;2097153;2;0;5;0;L60123;1940;1944;1999;x
Davis J.F.;60442;USA;1943;1990;1990;1990;3;5;128;1;0;5;0;L60124;1943;1956;1999;x
Davis R.C.;60443;USA;1918;1922;1990;1990;2;5;512;3;0;5;0;LRobert_Courtney_Davis;1918;1940;1999;x
Dawley;60444;USA;1940;1942;1990;1990;2;5;2;1;0;5;0;LErnst_Joseph_Dawley;1940;1950;1999;x
Dean;60445;USA;1943;1945;1990;1990;2;5;0;1;0;5;0;L60126;1943;1963;1999;x
Decker;60446;USA;1944;1945;1952;1956;2;7;1;2;0;5;0;L60127;1944;1966;1999;x
Denson;60447;USA;1942;1990;1990;1990;3;4;0;2;0;5;0;LEley_Parker_Denson;1942;1948;1999;x
Devers;60448;USA;1940;1941;1942;1945;0;8;68;3;0;5;0;L60128;1940;1951;1999;x
Devine;60449;USA;1942;1945;1990;1990;2;6;128;2;0;5;0;U10 John Devine;1942;1959;1999;x
DeWitt;60450;USA;1934;1936;1940;1990;1;6;3;2;0;5;0;L60130;1934;1944;1999;x
Dillon T.H.;60451;USA;1936;1990;1990;1990;3;4;33;2;0;5;0;L60131;1936;1948;1999;x
Doan;60452;USA;1948;1953;1990;1990;2;6;128;1;0;5;0;L60234;1948;1965;1999;x
Doe;60453;USA;1942;1944;1990;1990;2;5;4;1;0;5;0;L60132;1942;1955;1999;x
Donovan L.;60454;USA;1943;1945;1990;1990;2;5;256;1;0;5;0;L60134;1943;1959;1999;x
Donovan R.;60455;USA;1937;1941;1990;1990;2;5;3;2;0;5;0;LRichard_Donovan;1937;1949;1999;x
Dorey;60456;USA;1923;1933;1990;1990;2;5;2097920;2;0;5;0;LHalstead_Dorey;1923;1938;1999;x
Drum;60457;USA;1922;1930;1939;1990;1;5;33554945;2;0;5;0;L60135;1922;1943;1999;x
Dulaney;60458;USA;1945;1953;1990;1990;2;5;2;1;0;5;0;L60137;1945;1966;1999;x
Dunckel;60459;USA;1942;1945;1990;1990;2;5;64;1;0;5;0;L60138;1942;1957;1999;x
Dunkelberg;60460;USA;1943;1953;1990;1990;2;5;4;1;0;5;0;L60139;1943;1962;1999;x
Dunlap;60461;USA;1930;1934;1938;1990;1;7;260;3;0;5;0;LRobert_Henry_Dunlap;1930;1943;1999;x
Eagles;60462;USA;1942;1944;1990;1990;2;5;1;2;0;5;0;L60140;1942;1959;1999;x
Earnest;60463;USA;1943;1945;1990;1990;2;5;128;1;0;5;0;L60141;1943;1959;1999;x
Eddleman;60464;USA;1944;1954;1955;1959;1;7;6;2;0;5;0;L60143;1944;1966;1999;x
Eddy;60465;USA;1942;1943;1948;1990;1;6;6;2;0;5;0;L60142;1942;1956;1999;x
Edmonds;60466;USA;1936;1940;1990;1990;2;5;516;2;0;5;0;LJames_Ezekiel_Edmonds;1936;1943;1999;x
Eichelberger;60467;USA;1938;1941;1943;1990;1;9;67108869;4;0;5;0;L60144;1938;1950;1999;x
Eisenhower;60468;USA;1941;1942;1943;1945;0;9;5;5;0;5;0;L60145;1941;1954;1999;x
Ekman W.E.;60469;USA;1946;1990;1990;1990;3;6;288;1;0;5;0;L60146;1946;1970;1999;x
Embick;60470;USA;1930;1936;1939;1990;1;7;2;2;0;5;0;L60149;1930;1941;1999;x
Enochs;60471;USA;1929;1990;1990;1990;3;4;512;2;0;5;0;LBerkeley_Enochs;1929;1940;1999;x
Erskine;60472;USA;1943;1945;1951;1990;1;7;524544;2;0;5;0;L60150;1943;1961;1999;x
Evans H.C.;60473;USA;1942;1990;1990;1990;3;4;2;1;0;5;0;L60151;1942;1959;1999;x
Evans V.;60474;USA;1942;1945;1990;1990;2;6;128;1;0;5;0;L60152;1942;1957;1999;x
Everson;60475;USA;1922;1929;1990;1990;2;6;4194832;2;0;5;0;LWilliam_Graham_Everson;1922;1945;1999;x
Fales;60476;USA;1941;1944;1990;1990;2;5;4;2;0;5;0;LEugene_Warren_Fales;1941;1951;1999;x
Farrell F.W.;60477;USA;1944;1953;1957;1990;1;6;260;2;0;5;0;LFrancis_William_Farrell;1944;1964;1999;x
Farrell T.F.;60478;USA;1944;1945;1990;1990;2;5;32;1;0;5;0;L60153;1944;1955;1999;x
Ferenbaugh;60479;USA;1944;1948;1954;1990;1;6;0;2;0;5;0;L60154;1944;1963;1999;x
Ferguson H.B.;60480;USA;1925;1934;1990;1990;2;5;545;3;0;5;0;LHarley_Bascom_Ferguson;1925;1939;1999;x
Finley;60481;USA;1942;1943;1990;1990;2;5;4;1;0;5;0;L60155;1942;1959;1999;x
Fish E.F.;60482;USA;1927;1931;1990;1990;2;5;512;2;0;5;0;LErland_Frederick_Fish;1927;1947;1999;x
Fish I.A.;60483;USA;1927;1939;1990;1990;2;5;2;1;0;5;0;LIrving_Andrews_Fish;1927;1945;1999;x
Foley;60484;USA;1923;1928;1942;1990;2;6;268435968;3;0;5;0;LThomas_Francis_Foley;1923;1943;1999;x
Ford S.H.;60485;USA;1930;1936;1939;1990;1;6;512;2;0;5;0;LStanley_Hamer_Ford;1930;1941;1999;x
Fort;60486;USA;1939;1990;1990;1990;3;5;537395712;2;0;5;0;L60156;1939;1943;1999;x
Fortier;60487;USA;1942;1990;1990;1990;3;4;0;1;0;5;0;L60157;1942;1956;1999;x
Fox A.P.;60488;USA;1943;1950;1954;1990;1;7;0;2;0;5;0;LAlonzo_Patrick_Fox;1943;1959;1999;x
Foy;60489;USA;1935;1990;1990;1990;3;4;576;2;0;5;0;LRobert_Cherry_Foy;1935;1940;1999;x
Franke;60490;USA;1941;1942;1990;1990;2;5;64;1;0;5;0;L60158;1941;1952;1999;x
Fredendall;60491;USA;1939;1943;1990;1990;2;4;516;2;0;5;0;L60159;1939;1947;1999;x
Frederick;60492;USA;1943;1990;1990;1990;3;7;268;2;0;5;0;L60160;1943;1970;1999;x
Fries;60493;USA;1920;1929;1990;1990;2;5;548;3;0;5;0;LAmos_Alfred_Fries;1920;1937;1999;x
Fry;60494;USA;1943;1952;1990;1990;2;5;2;1;0;5;0;L60162;1943;1961;1999;x
Fulton;60495;USA;1936;1990;1990;1990;3;4;512;1;0;5;0;LWalter_Scott_Fulton;1936;1943;1999;x
Fuller;60496;USA;1940;1942;1990;1990;2;5;268435456;1;0;5;0;L60163;1940;1950;1999;x
Futch;60497;USA;1944;1990;1990;1990;3;5;64;1;0;5;0;L60164;1944;1959;1999;x
Gaffey;60498;USA;1940;1943;1990;1990;2;7;5;2;0;5;0;Hugh_Joseph_Gaffey;1940;1959;1999;x
Gaither;60499;USA;1943;1949;1955;1990;1;7;262;2;0;5;0;LRidgely_Gaither;1943;1967;1999;x
Gallagher;60500;USA;1943;1951;1990;1990;2;6;0;1;0;5;0;L60166;1943;1961;1999;x
Gardner F.Q.C.;60501;USA;1937;1940;1990;1990;2;5;2;2;0;5;0;LFulton_Quintus_Cincinnatus_Gardner;1937;1946;1999;x
Garvin;60502;USA;1944;1948;1990;1990;2;6;1;1;0;5;0;LCrump_Garvin;1944;1962;1999;x
Gavin;60503;USA;1943;1945;1955;1990;1;9;272;3;0;5;0;L60167;1943;1970;1999;x
Gasser;60504;USA;1928;1937;1990;1990;2;5;512;2;0;5;0;LLorenzo_Dow_Gasser;1928;1940;1999;x
Gay;60505;USA;1943;1945;1954;1990;1;6;128;2;0;5;0;L60168;1943;1959;1999;x
Gerhardt;60506;USA;1941;1942;1990;1990;2;5;33554432;1;0;5;0;L60170;1941;1959;1999;x
Gerow L.S.;60507;USA;1943;1990;1990;1990;3;4;0;1;0;5;0;L60171;1943;1955;1999;x
Gerow L.T.;60508;USA;1940;1942;1945;1990;1;8;4;3;0;5;0;L60172;1940;1952;1999;x
Gibbs;60509;USA;1918;1928;1990;1990;2;4;544;2;0;5;0;L60173;1918;1939;1999;x
Gill;60510;USA;1941;1942;1990;1990;2;5;0;1;0;5;0;L60174;1941;1950;1999;x
Gillem Jr.;60511;USA;1940;1942;1945;1990;1;6;132;2;0;5;0;L60175;1940;1952;1999;x
Glassford P.D.;60512;USA;1935;1940;1990;1990;2;6;68;2;0;5;0;LPelham_Davis_Glassford;1935;1947;1999;x
Grant W.S.;60513;USA;1936;1939;1990;1990;2;6;512;2;0;5;0;LWalter_Schuyler_Grant;1936;1942;1999;x
Green J.A.;60514;USA;1937;1940;1990;1990;2;6;2;2;0;5;0;LJoseph_Andrew_Green;1937;1945;1999;x
Greene;60515;USA;1941;1943;1990;1990;2;6;128;1;0;5;0;L60178;1941;1955;1999;x
Gregory;60516;USA;1937;1940;1945;1990;1;6;1;2;0;5;0;L60179;1937;1946;1999;x
Griner;60517;USA;1942;1943;1990;1990;2;5;1;1;0;5;0;L60181;1942;1959;1999;x
Griswold;60518;USA;1938;1941;1947;1990;1;6;33554436;2;0;5;0;L60182;1938;1950;1999;x
Groves;60519;USA;1942;1944;1948;1990;1;7;32;2;0;5;0;Leslie_Groves;1942;1962;1999;x
Grow;60520;USA;1942;1943;1990;1990;2;7;67108992;2;0;5;0;L60184;1942;1959;1999;x
Gruber E.L.;60521;USA;1935;1990;1990;1990;3;4;576;2;0;5;0;LEdmund_Louis_Gruber;1935;1941;1999;x
Gruenther;60522;USA;1942;1943;1949;1951;0;9;268435460;3;0;5;0;L60185;1942;1963;1999;x
Grunert;60523;USA;1937;1940;1944;1990;1;6;5;2;0;5;0;L60186;1937;1945;1999;x
Gulick;60524;USA;1927;1930;1990;1990;2;7;514;3;0;5;0;LJohn_Wiley_Gulick;1927;1938;1999;x
Guthrie;60525;USA;1945;1951;1990;1990;3;5;3;1;0;5;0;L60187;1945;1970;1999;x
Haffner;60526;USA;1940;1943;1990;1990;2;4;0;1;0;5;0;L60188;1940;1959;1999;x
Hagood;60527;USA;1925;1933;1990;1990;2;5;515;3;0;5;0;LJohnson_Hagood;1925;1937;1999;x
Haines R.E.;60528;USA;1941;1990;1990;1990;3;4;2;2;0;5;0;L60189;1941;1947;1999;x
Haislip;60529;USA;1941;1942;1945;1950;0;7;4;2;0;5;0;L60190;1941;1953;1999;x
Hall C.P.;60530;USA;1941;1942;1945;1990;1;6;6;2;0;5;0;L60191;1941;1950;1999;x
Hamlett;60531;USA;1948;1956;1961;1962;0;8;6;3;0;5;0;LBarksdale_HamlettJr;1948;1970;1999;x
Hammond C.C.;60532;USA;1920;1925;1990;1990;2;5;515;2;0;5;0;LCreed_Cheshire_Hammond;1920;1938;1999;x
Handy;60533;USA;1941;1942;1944;1945;0;8;0;3;0;5;0;L60192;1941;1956;1999;x
Hardaway F.P.;60534;USA;1941;1990;1990;1990;3;4;2;1;0;5;0;L60193;1941;1952;1999;x
Harding E.F.;60535;USA;1940;1942;1990;1990;2;6;0;2;0;5;0;L60194;1940;1950;1999;x
Harmon E.N.;60536;USA;1942;1943;1990;1990;2;7;133;2;0;5;0;L60196;1942;1959;1999;x
Harper A.M.;60537;USA;1942;1945;1990;1990;2;5;68;1;0;5;0;L60197;1942;1957;1999;x
Harper J.H.;60538;USA;1945;1950;1990;1990;2;6;256;1;0;5;0;LJoseph_H_Harper;1945;1965;1999;x
Harriman;60539;USA;1943;1990;1990;1990;3;5;2;1;0;5;0;LJoseph_Eugene_Harriman;1943;1964;1999;x
Harrington;60540;USA;1938;1990;1990;1990;3;6;1573120;3;0;5;0;LSamuel_Milby_Harrington;1938;1946;1999;x
Harrison Jr.;60541;USA;1942;1949;1952;1990;1;6;6;2;0;5;0;L60199;1942;1959;1999;x
Harrold;60542;USA;1944;1952;1961;1990;1;5;4194432;1;0;5;0;L60200;1944;1966;1999;x
Hart C.E.;60543;USA;1944;1952;1954;1990;1;6;6;2;0;5;0;LCharles_Edward_Hart;1944;1964;1999;x
Hart F.A.;60544;USA;1943;1946;1951;1990;1;7;260;2;0;5;0;L60201;1943;1958;1999;x
Hartness;60545;USA;1942;1950;1990;1990;2;5;0;1;0;5;0;L60202;1942;1962;1999;x
Hasbrouck R.W.;60546;USA;1942;1945;1990;1990;2;6;131;1;0;5;0;L60204;1942;1960;1999;x
Haskell;60547;USA;1926;1934;1990;1990;2;4;512;2;0;5;0;L60203;1926;1942;1999;x
Hastings;60548;USA;1947;1954;1990;1990;2;5;1;1;0;5;0;LKester_Lovejoy_Hastings;1947;1961;1999;x
Hayden;60549;USA;1945;1990;1990;1990;3;5;2;1;0;5;0;L60205;1945;1965;1999;x
Hays G.P.;60550;USA;1942;1945;1952;1990;1;7;4194304;2;0;5;0;L60206;1942;1956;1999;x
Hazlett;60551;USA;1940;1943;1990;1990;2;5;268435456;2;0;5;0;LHarry_Fouts_Hazlett;1940;1948;1999;x
Hendrix;60552;USA;1943;1955;1990;1990;2;6;2;1;0;5;0;L60207;1943;1965;1999;x
Henry Jr. G.V.;60553;USA;1918;1930;1990;1990;2;5;268435968;2;0;5;0;LGuy_Vernor_HenryJr;1918;1939;1999;x
Herbst G.A.;60554;USA;1929;1990;1990;1990;3;4;514;2;0;5;0;LGeorge_Audley_Herbst;1929;1939;1999;x
Herr;60555;USA;1935;1938;1990;1990;2;5;516;2;0;5;0;LJohn_Knowles_Herr;1935;1942;1999;x
Herren;60556;USA;1944;1950;1954;1990;1;6;6;2;0;5;0;L60208;1944;1959;1999;x
Herron;60557;USA;1934;1937;1940;1990;1;7;2;2;0;5;0;LCharles_Douglas_Herron;1934;1941;1999;x
Hess;60558;USA;1944;1990;1990;1990;3;5;64;1;0;5;0;L60209;1944;1956;1999;x
Hibbs;60559;USA;1942;1943;1990;1990;2;5;68;1;0;5;0;L60210;1942;1957;1999;x
Hickey D.O.;60560;USA;1942;1945;1951;1990;1;6;128;2;0;5;0;L60211;1942;1955;1999;x
Higgins;60561;USA;1944;1952;1990;1990;2;7;256;2;0;5;0;LGerald_Joseph_Higgins;1944;1970;1999;x
Hobbs;60562;USA;1942;1943;1990;1990;2;6;4;1;0;5;0;L60214;1942;1956;1999;x
Hodes;60563;USA;1945;1951;1954;1956;0;7;10;3;0;5;0;L60215;1945;1963;1999;x
Hodge;60564;USA;1942;1943;1945;1952;0;7;0;2;0;5;0;L60216;1942;1957;1999;x
Hodges;60565;USA;1939;1941;1943;1945;0;9;6;4;0;5;0;L60217;1939;1951;1999;x
Hodges C.B.;60566;USA;1936;1940;1990;1990;2;6;268435456;2;0;5;0;LCampbell_Blackshear_Hodges;1936;1944;1999;x
Hogaboom;60567;USA;1947;1954;1958;1990;1;7;524545;2;0;5;0;Hogaboom;1947;1966;1999;x
Hoge;60568;USA;1942;1945;1951;1953;0;7;38;3;0;5;0;L60219;1942;1959;1999;x
Holbrook L.R.;60569;USA;1925;1933;1990;1990;2;4;517;2;0;5;0;LLucius_Roy_Holbrook;1925;1939;1999;x
Holcomb;60570;USA;1935;1936;1942;1990;1;7;524545;3;0;5;0;L60218;1935;1943;1999;x
Homer;60571;USA;1941;1942;1990;1990;2;5;2;1;0;5;0;LJohn_Louis_Homer;1941;1952;1999;x
Howze;60572;USA;1948;1957;1961;1963;0;8;67108868;3;0;5;0;LHamilton_Hawkins_Howze;1948;1970;1999;x
Hoyle;60573;USA;1938;1942;1990;1990;2;5;64;2;0;5;0;LRene_Edward_DeRussy_Hoyle;1938;1947;1999;x
Huebner;60574;USA;1942;1943;1947;1990;1;5;268435456;2;0;5;0;L60220;1942;1952;1999;x
Hughes J.H.;60575;USA;1932;1937;1990;1990;2;6;2097664;2;0;5;0;LJohn_Hendricken_Hughes;1932;1940;1999;x
Hull;60576;USA;1942;1944;1945;1990;1;7;0;2;0;5;0;L604073;1942;1959;1999;x
Humphrey E.H.;60577;USA;1935;1990;1990;1990;3;4;516;2;0;5;0;LEvan_Harris_Humphrey;1935;1939;1999;x
Hunt;60578;USA;1943;1945;1949;1990;1;5;256;1;0;5;0;L60221;1943;1956;1999;x
Hutchison J.C.;60579;USA;1940;1952;1990;1990;2;5;1;1;0;5;0;L60580;1940;1958;1999;x
Ingles;60580;USA;1941;1943;1990;1990;2;4;2;1;0;5;0;LHarry_Clyde_Ingles;1941;1952;1999;x
Irwin;60581;USA;1942;1943;1950;1990;1;6;0;2;0;5;0;LStafford_LeRoy_Irwin;1942;1955;1999;x
Jackson S.;60582;USA;1940;1942;1990;1990;2;5;0;1;0;5;0;L60222;1940;1955;1999;x
Jarman;60583;USA;1939;1941;1990;1990;2;6;2;2;0;5;0;L60223;1939;1948;1999;x
Jenkins;60584;USA;1944;1948;1952;1990;1;6;8388613;2;0;5;0;LReuben_Ellis_Jenkins;1944;1960;1999;x
Johnson H.H.;60585;USA;1941;1943;1990;1990;3;5;35651584;1;0;5;0;L60224;1941;1959;1999;x
Johnson H.K.;60586;USA;1950;1956;1959;1964;0;9;0;3;0;5;0;LHarold_Keith_Johnson;1950;1970;1999;x
Jones A.M.;60587;USA;1941;1942;1990;1990;2;5;0;1;0;5;0;L60225;1941;1954;1999;x
Jones A.W.;60588;USA;1942;1943;1990;1990;2;5;2097152;1;0;5;0;L60226;1942;1959;1999;x
Jones L.E.;60589;USA;1941;1943;1990;1990;2;5;4;1;0;5;0;L60227;1941;1953;1999;x
Joyce;60590;USA;1935;1939;1990;1990;2;5;641;2;0;5;0;L60228;1935;1943;1999;x
Kean;60591;USA;1943;1944;1952;1990;2;6;4;2;0;5;0;L60229;1943;1961;1999;x
Kiefer;60592;USA;1945;1953;1990;1990;2;5;0;1;0;5;0;LHomer_Watson_Kiefer;1945;1962;1999;x
Kendall;60593;USA;1943;1945;1952;1990;1;6;12;2;0;5;0;L60230;1943;1962;1999;x
Kerr F.B.;60594;USA;1935;1990;1990;1990;3;4;544;2;0;5;0;LFrederick_Blair_Kerr;1935;1940;1999;x
Key;60595;USA;1928;1937;1990;1990;2;5;1048576;2;0;5;0;LWilliam_Shaffer_Key;1928;1953;1999;x
Keyes;60596;USA;1939;1942;1945;1990;1;7;128;2;0;5;0;L60231;1939;1952;1999;x
Keyser R.S.;60597;USA;1937;1990;1990;1990;3;4;524545;2;0;5;0;LRalph_Stover_Keyser;1937;1947;1999;x
Keyser G.V.;60598;USA;1943;1990;1990;1990;3;5;4;1;0;5;0;LGeorge_Vernon_Keyser;1943;1959;1999;x
Koch;60599;USA;1943;1990;1990;1990;3;5;0;1;0;5;0;LOscar_Koch;1943;1961;1999;x
Kromer;60600;USA;1928;1934;1990;1990;2;6;67109380;2;0;5;0;LLeon_Benjamin_Kromer;1928;1940;1999;x
Krueger;60601;USA;1936;1939;1941;1990;1;9;268435456;4;0;5;0;L60233;1936;1945;1999;x
Larkin T.B.;60602;USA;1942;1943;1949;1990;1;7;1;2;0;5;0;L60237;1943;1954;1999;x
Lauer;60603;USA;1942;1944;1990;1990;2;5;0;1;0;5;0;L60238;1942;1957;1999;x
Lawton W.S.;60604;USA;1944;1950;1957;1990;2;6;2;1;0;5;0;LWilliam_Stevens_Lawton;1944;1964;1999;x
Lawton S.T.;60605;USA;1936;1940;1990;1990;2;4;2;2;0;5;0;L60239;1936;1948;1999;x
Leach;60606;USA;1923;1931;1990;1990;2;5;268435970;2;0;5;0;LGeorge_Emerson_Leach;1923;1940;1999;x
Lear;60607;USA;1936;1939;1941;1990;1;7;513;3;0;5;0;L60240;1936;1943;1999;x
Lee J.C.H.;60608;USA;1940;1942;1944;1990;1;6;33;2;0;5;0;L573030;1943;1951;1999;x
Lee W.C.;60609;USA;1942;1943;1990;1990;2;6;256;2;0;5;0;L60241;1942;1948;1999;x
Lehman;60610;USA;1942;1943;1990;1990;2;6;0;2;0;5;0;L60242;1942;1959;1999;x
Lemnitzer;60611;USA;1942;1944;1952;1956;0;9;20;3;0;5;0;L60244;1942;1969;1999;x
Leonard;60612;USA;1942;1943;1950;1990;1;5;128;2;0;5;0;L60245;1942;1954;1999;x
Lewis J.T.;60613;USA;1942;1943;1952;1990;1;6;2;2;0;5;0;L60246;1942;1958;1999;x
Lewis R.H.;60614;USA;1940;1942;1990;1990;2;5;2;2;0;5;0;LRobert_Henry_Lewis;1940;1948;1999;x
Lincoln C.S.;60615;USA;1931;1990;1990;1990;3;4;513;2;0;5;0;LCharles_Sherman_Lincoln;1931;1939;1999;x
Lincoln G.A.;60616;USA;1945;1954;1990;1990;2;9;0;3;0;5;0;LGeorge_Arthur_Lincoln;1945;1970;1999;x
Little;60617;USA;1931;1935;1990;1990;2;6;525056;2;0;5;0;LLouis_McCarty_Little;1931;1942;1999;x
Livesay;60618;USA;1942;1943;1990;1990;2;6;8388612;2;0;5;0;L60247;1942;1959;1999;x
Lucas;60619;USA;1941;1942;1990;1990;1;5;64;2;0;5;0;L60249;1941;1949;1999;x
Lutes;60620;USA;1942;1943;1945;1990;1;9;1;3;0;5;0;LLeRoy_Lutes;1942;1954;1999;x
Lynch G.A.;60621;USA;1933;1937;1990;1990;2;6;6;3;0;5;0;LGeorge_Arthur_Lynch;1933;1944;1999;x
MacArthur;60622;USA;1925;1930;1930;1941;0;9;1107296260;4;0;5;0;L60250;1925;1949;1999;x
MacCloskey;60623;USA;1931;1990;1990;1990;3;4;514;2;0;5;0;LManus_MacCloskey;1931;1938;1999;x
MacNider;60624;USA;1936;1942;1945;1990;1;7;33554436;3;0;5;0;LHanford_MacNider;1936;1953;1999;x
Macon;60625;USA;1943;1944;1990;1990;2;5;0;1;0;5;0;L60251;1943;1954;1999;x
Maddox H.G.;60626;USA;1945;1952;1990;1990;2;6;67108992;1;0;5;0;L60533;1945;1963;1999;x
Magruder B.;60627;USA;1939;1941;1990;1990;2;5;128;2;0;5;0;L60252;1939;1946;1999;x
Mahin;60628;USA;1940;1942;1990;1990;2;5;0;1;0;5;0;LFrank_Cadle_Mahin;1940;1951;1999;x
Major Jr.;60629;USA;1929;1990;1990;1990;3;4;512;2;0;5;0;LDuncan_Kennedy_MajorJr;1929;1940;1999;x
Malony;60630;USA;1941;1942;1990;1990;2;6;0;2;0;5;0;LHarry_James_Malony;1941;1953;1999;x
Markham;60631;USA;1925;1933;1990;1990;2;5;544;2;0;5;0;L60253;1925;1941;1999;x
Marquat;60632;USA;1942;1944;1990;1990;2;6;2;2;0;5;0;LWilliam_Frederic_Marquat;1942;1959;1999;x
Marshall G.G.;60633;USA;1936;1939;1940;1990;1;9;4;4;0;5;0;L60254;1936;1945;1999;x
Marshall R.J.;60634;USA;1942;1943;1990;1990;2;5;65;1;0;5;0;LRichard_Jaquelin_Marshall;1942;1959;1999;x
Marston J.;60635;USA;1939;1943;1990;1990;2;5;256;2;0;5;0;L60255;1939;1948;1999;x
Martin E.;60636;USA;1923;1939;1990;1990;2;5;512;2;0;5;0;L60256;1923;1943;1999;x
McAuliffe;60637;USA;1942;1945;1951;1955;0;8;2;3;0;5;0;L60260;1942;1964;1999;x
McBride H.L.;60638;USA;1942;1943;1952;1990;1;6;65;2;0;5;0;L60261;1940;1958;1999;x
McCabe E.R.W.;60639;USA;1937;1990;1990;1990;3;4;512;2;0;5;0;LEdward_Raynsford_Warner_Mccabe;1937;1940;1999;x
McClure M.;60640;USA;1945;1954;1990;1990;2;6;0;2;0;5;0;LMark_McClure;1945;1962;1999;x
McClure R.B.;60641;USA;1943;1944;1990;1990;2;5;1;1;0;5;0;L60262;1943;1960;1999;x
McCoach Jr.;60642;USA;1942;1943;1990;1990;2;5;32;2;0;5;0;LDavid_McCoachJr;1942;1951;1999;x
McConnell F.C.;60643;USA;1943;1990;1990;1990;3;5;2;1;0;5;0;LFrank_Charles_McConnell;1943;1962;1999;x
McCoy;60644;USA;1918;1924;1990;1990;2;6;524806;3;0;5;0;Frank_R_McCoy;1918;1938;1999;x
McDougal;60645;USA;1926;1939;1990;1990;2;6;2097920;4;0;5;0;LDouglas_C_McDougal;1926;1940;1999;x
McIntyre Jr.;60646;USA;1930;1990;1990;1990;3;5;514;2;0;5;0;LAugustine_McIntyreJr;1930;1940;1999;x
McKee J.L.;60647;USA;1942;1950;1990;1990;2;6;0;2;0;5;0;L60264;1942;1959;1999;x
McKinley;60648;USA;1919;1933;1990;1990;2;5;2097664;2;0;5;0;LJames_Fuller_McKinley;1919;1941;1999;x
McLain;60649;USA;1937;1944;1949;1990;2;7;268435456;2;0;5;0;L60267;1937;1954;1999;x
McNair;60650;USA;1937;1940;1941;1990;1;8;6;3;0;5;0;L60268;1937;1947;1999;x
McNair D.C.;60651;USA;1946;1990;1990;1990;3;5;0;1;0;5;0;LDouglas_Crevier_McNair;1946;1970;1999;x
McQuillin;60652;USA;1942;1990;1990;1990;3;4;128;1;0;5;0;LRaymond_Eugene_McQuillin;1942;1951;1999;x
Mead;60653;USA;1945;1955;1990;1990;2;6;0;2;0;5;0;LArmistead_Davis_Mead;1945;1965;1999;x
Merrill D.T.;60654;USA;1935;1990;1990;1990;3;4;514;2;0;5;0;LDana_True_Merrill;1935;1940;1999;x
Merrill F.D.;60655;USA;1944;1946;1990;1990;2;7;16;2;0;5;0;L60269;1944;1955;1999;x
Merrill T.E.;60656;USA;1933;1990;1990;1990;3;4;514;2;0;5;0;LThomas_Emery_Merrill;1933;1939;1999;x
Metts;60657;USA;1926;1990;1990;1990;3;5;512;2;0;5;0;LJohn_Van_Bokkelen_Metts;1926;1940;1999;x
Meyer G.R.;60658;USA;1941;1943;1990;1990;2;5;2;1;0;5;0;LGeorge_Ralph_Meyer;1941;1950;1999;x
Meyer H.J.D.;60659;USA;1944;1990;1990;1990;3;5;4;1;0;5;0;L60270;1944;1963;1999;x
Meyers H.F.;60660;USA;1944;1990;1990;1990;3;5;2;1;0;5;0;LHarry_Frederick_Meyers;1944;1961;1999;x
Mickelsen;60661;USA;1942;1952;1954;1990;1;6;0;2;0;5;0;LStanley_Raymond_Mickelsen;1942;1959;1999;x
Middleton T.H.;60662;USA;1938;1942;1945;1990;1;8;268435456;3;0;5;0;L60271;1938;1953;1999;x
Milburn B.L.;60663;USA;1942;1950;1990;1990;2;5;2;1;0;5;0;LBryan_Lee_Milburn;1942;1960;1999;x
Milburn F.W.;60664;USA;1942;1943;1949;1990;1;7;0;2;0;5;0;L60574;1942;1956;1999;x
Miley;60665;USA;1942;1943;1990;1990;2;7;257;2;0;5;0;L60272;1942;1961;1999;x
Millikin;60666;USA;1940;1942;1990;1990;2;5;128;1;0;5;0;L60273;1940;1952;1999;x
Mitchell W.L.;60667;USA;1945;1952;1990;1990;2;6;1;1;0;5;0;L60274;1945;1960;1999;x
Montague;60668;USA;1943;1951;1955;1990;1;6;3;2;0;5;0;L60277;1943;1963;1999;x
Moore R.C.;60669;USA;1938;1941;1990;1990;2;5;33;1;0;5;0;L60279;1938;1944;1999;x
Morris Jr.;60670;USA;1942;1943;1949;1990;1;6;128;2;0;5;0;L60280;1942;1954;1999;x
Moseley;60671;USA;1921;1931;1990;1990;2;6;516;3;0;5;0;M6052;1921;1938;1999;x
Moses A.;60672;USA;1918;1935;1990;1990;2;5;514;3;0;5;0;LAndrew_Moses;1918;1938;1999;x
Moses E.P.;60673;USA;1939;1942;1990;1990;2;5;288;2;0;5;0;LEmile_Phillips_Moses;1939;1944;1999;x
Mueller;60674;USA;1941;1942;1990;1990;2;5;4;1;0;5;0;L60281;1941;1956;1999;x
Murray J.B.;60675;USA;1943;1949;1990;1990;2;5;4;1;0;5;0;LJohn_Bartlett_Murphy;1943;1962;1999;x
Murray M.;60676;USA;1938;1941;1990;1990;2;5;2;1;0;5;0;L60282;1938;1948;1999;x
Newgarden;60677;USA;1942;1943;1990;1990;2;6;132;1;0;5;0;L60284;1942;1956;1999;x
Nichols H.F.;60678;USA;1941;1990;1990;1990;3;5;2;1;0;5;0;L60285;1941;1952;1999;x
Noce;60679;USA;1942;1944;1948;1990;1;7;1;2;0;5;0;LDaniel_Noce;1942;1959;1999;x
Nolan;60680;USA;1918;1924;1990;1990;2;5;513;3;0;5;0;LDennis_Edward_Nolan;1918;1936;1999;x
O'Daniel;60681;USA;1942;1944;1952;1990;1;8;4;3;0;5;0;L60286;1942;1958;1999;x
Ogden;60682;USA;1942;1951;1956;1990;1;7;32;2;0;5;0;LDavid_Ayres_Depue_Ogden;1942;1961;1999;x
Oliver;60683;USA;1942;1943;1990;1990;2;5;161;1;0;5;0;L60287;1942;1953;1999;x
Ottman;60684;USA;1935;1940;1990;1990;2;3;268435972;2;0;5;0;LWilliam_Ottman;1935;1941;1999;x
Palmer C.D.;60685;USA;1945;1951;1954;1959;0;7;5;2;0;5;0;LCharles_Day_Palmer;1945;1966;1999;x
Palmer W.B.;60686;USA;1942;1948;1952;1955;0;8;5;3;0;5;0;L60288;1942;1963;1999;x
Parker Jr. E.P.;60687;USA;1941;1942;1990;1990;2;6;6;2;0;5;0;L60289;1941;1955;1999;x
Parker Jr. G.M.;60688;USA;1941;1942;1990;1990;2;5;0;1;0;5;0;LGeorge_Marshall_ParkerJr;1941;1953;1999;x
Palmer Sr. B.;60689;USA;1934;1938;1990;1990;2;5;516;2;0;5;0;LBruce_PalmerSr;1934;1942;1999;x
Parker Sr. C.;60690;USA;1938;1942;1990;1990;2;5;2;2;0;5;0;LCortlandt_Parker_Sr;1938;1948;1999;x
Parks;60691;USA;1942;1945;1953;1990;1;6;0;2;0;5;0;L60290;1942;1959;1999;x
Parsons J.K.;60692;USA;1930;1936;1990;1990;2;6;518;2;0;5;0;LJames_Kelly_Parsons;1930;1941;1999;x
Patch;60693;USA;1940;1942;1944;1990;1;8;260;3;0;5;0;L60291;1940;1952;1999;x
Patrick;60694;USA;1943;1944;1990;1990;2;5;0;1;0;5;0;L60292;1943;1945;1999;x
Patton;60695;USA;1939;1943;1945;1990;1;8;1073741956;3;0;5;0;L60294;1939;1949;1999;x
Paul;60696;USA;1941;1943;1947;1990;1;6;16777217;1;0;5;0;U10 Willard Paul;1941;1958;1999;x
Peek;60697;USA;1931;1941;1990;1990;2;5;544;2;0;5;0;L60297;1931;1942;1999;x
Pepper;60698;USA;1944;1950;1954;1990;1;6;258;2;0;5;0;LRobert_Houston_Pepper;1944;1959;1999;x
Peyton E.G.;60699;USA;1929;1990;1990;1990;3;5;514;2;0;5;0;LEphraim_Geoffrey_Peyton;1929;1940;1999;x
Peyton P.B.;60700;USA;1937;1941;1990;1990;2;5;2;1;0;5;0;LPhilip_Bradley_Peyton;1937;1945;1999;x
Pierce J.L.;60701;USA;1942;1990;1990;1990;3;4;128;1;0;5;0;L60298;1942;1959;1999;x
Pierson;60702;USA;1943;1954;1990;1990;2;6;256;1;0;5;0;LAlbert_Pierson;1943;1963;1999;x
Porter D.D.;60703;USA;1934;1990;1990;1990;3;5;525056;2;0;5;0;LDavid_Dixon_Porter;1934;1941;1999;x
Porter W.N.;60704;USA;1938;1941;1990;1990;2;5;68;2;0;5;0;LWilliam_Nichols_Porter;1938;1950;1999;x
Pratt;60705;USA;1935;1941;1990;1990;2;7;6;3;0;5;0;LHenry_Conger_Pratt;1935;1946;1999;x
Preston;60706;USA;1927;1932;1990;1990;2;4;513;2;0;5;0;LJohn_Fisher_PrestonJr;1927;1936;1999;x
Price C.;60707;USA;1938;1942;1990;1990;2;6;524544;2;0;5;0;LCharles_FB_Price;1938;1945;1999;x
Prichard;60708;USA;1942;1943;1990;1990;2;6;4;1;0;5;0;L60300;1942;1956;1999;x
Prickett F.B.;60709;USA;1942;1944;1990;1990;2;5;2;1;0;5;0;L60301;1942;1957;1999;x
Puller;60710;USA;1946;1953;1955;1990;1;6;524560;2;0;5;0;Puller;1946;1962;1999;x
Read;60711;USA;1945;1952;1955;1990;1;6;129;2;0;5;0;L60305;1945;1965;1999;x
Reckord;60712;USA;1922;1934;1990;1990;2;5;512;2;0;5;0;LMilton_Atchison_Reckord;1922;1943;1999;x
Reed W.L.;60713;USA;1933;1936;1990;1990;2;5;513;2;0;5;0;LWalter_Lawrence_Reed;1933;1941;1999;x
Reinhardt;60714;USA;1941;1942;1990;1990;2;5;0;1;0;5;0;L60307;1941;1952;1999;x
Reybold;60715;USA;1940;1942;1945;1990;2;5;34;2;0;5;0;L60308;1940;1948;1999;x
Richardson Jr.;60716;USA;1937;1940;1943;1990;1;8;4;3;0;5;0;LRobert_Charlwood_RichardsonJr;1937;1946;1999;x
Ridgway;60717;USA;1942;1943;1945;1951;0;8;268435712;3;0;5;0;L60311;1942;1959;1999;x
Riley W.E.;60718;USA;1943;1948;1990;1990;2;5;257;1;0;5;0;L60312;1943;1961;1999;x
Roberts C.D.;60719;USA;1929;1990;1990;1990;3;4;514;2;0;5;0;LCharles_DuVal_Roberts;1929;1937;1999;x
Robertson;60720;USA;1941;1942;1990;1990;2;5;8;1;0;5;0;L60313;1941;1952;1999;x
Rockey;60721;USA;1942;1944;1947;1990;1;6;257;2;0;5;0;L60314;1942;1952;1999;x
Roosevelt Jr.;60722;USA;1941;1990;1990;1990;3;5;4;2;0;5;0;L60315;1941;1944;1999;x
Rose;60723;USA;1942;1944;1990;1990;2;7;132;2;0;5;0;L60316;1942;1963;1999;x
Rowell;60724;USA;1935;1938;1990;1990;2;6;2;2;0;5;0;LFrank_Wheaton_Rowell;1935;1944;1999;x
Ruffner C.L.;60725;USA;1944;1945;1958;1960;0;7;4;2;0;5;0;L60317;1944;1967;1999;x
Ruffner D.L.;60726;USA;1943;1951;1990;1990;2;6;4194312;2;0;5;0;LDavid_Lewis_Ruffner;1943;1960;1999;x
Rupertus;60727;USA;1940;1943;1990;1990;2;6;256;2;0;5;0;L60318;1940;1945;1999;x
Ryder;60728;USA;1941;1942;1990;1990;2;6;0;2;0;5;0;L60319;1941;1956;1999;x
Schley;60729;USA;1936;1938;1990;1990;2;5;524321;2;0;5;0;L60322;1936;1944;1999;x
Schmidt H.;60730;USA;1940;1942;1946;1990;1;7;260;3;0;5;0;L60323;1940;1950;1999;x
Schuyler;60731;USA;1942;1952;1953;1956;0;7;2;2;0;5;0;LCortlandt_Van_Rensselaer_Schuyler;1942;1964;1999;x
Scott C.L.;60732;USA;1938;1942;1990;1990;2;5;128;2;0;5;0;L60324;1938;1947;1999;x
Scott S.L.;60733;USA;1943;1945;1990;1990;2;5;33;1;0;5;0;LStanley_Lonzo_Scott;1942;1957;1999;x
Sebree;60734;USA;1942;1944;1990;1990;2;6;4;1;0;5;0;L60325;1942;1962;1999;x
Shearer;60735;USA;1937;1990;1990;1990;3;4;768;2;0;5;0;LMaurice_Edwin_Shearer;1937;1943;1999;x
Shedd;60736;USA;1938;1941;1990;1990;2;6;2;2;0;5;0;LWilliam_Edgar_Shedd;1938;1949;1999;x
Sheetz;60737;USA;1943;1946;1990;1990;2;5;2;1;0;5;0;L60326;1943;1959;1999;x
Shepard W.P.;60738;USA;1944;1949;1990;1990;2;5;4;1;0;5;0;LWhitfield_Putman_Shepard;1944;1958;1999;x
Shepherd Jr.;60739;USA;1943;1944;1950;1952;0;8;260;3;0;5;0;L60327;1943;1960;1999;x
Sherburne;60740;USA;1918;1936;1990;1990;2;5;514;3;0;5;0;LJohn_Henry_Sherburne;1918;1941;1999;x
Short;60741;USA;1936;1940;1941;1990;1;6;0;2;0;5;0;Kaiserreich_Walter_short;1936;1944;1999;x
Silvester;60742;USA;1941;1942;1990;1990;2;5;128;1;0;5;0;L60330;1941;1953;1999;x
Simonds;60743;USA;1924;1933;1990;1990;2;6;516;2;0;5;0;LGeorge_Sherwin_Simonds;1924;1938;1999;x
Simpson W.H.;60744;USA;1939;1941;1943;1990;1;8;6;3;0;5;0;L60331;1939;1952;1999;x
Sloan;60745;USA;1941;1942;1990;1990;2;5;64;1;0;5;0;L60332;1941;1951;1999;x
Smith F.H.;60746;USA;1936;1940;1990;1990;2;5;514;2;0;5;0;LFrederic_Harrison_Smith;1936;1943;1999;x
Smith G.S.;60747;USA;1945;1990;1990;1990;3;5;0;1;0;5;0;LGeorge_Stanley_Smith;1945;1964;1999;x
Smith H.M.;60748;USA;1937;1941;1944;1990;1;6;261;2;0;5;0;L60333;1937;1946;1999;x
Smith J.C.;60749;USA;1938;1942;1990;1990;2;6;260;2;0;5;0;L60334;1938;1949;1999;x
Smith R.C.;60750;USA;1942;1943;1990;1990;2;6;0;1;0;5;0;LRalph_Corbett_Smith;1942;1957;1999;x
Smith W.B.;60751;USA;1942;1943;1944;1951;0;9;4;3;0;5;0;L60031;1942;1959;1999;x
Smith W.C.;60752;USA;1945;1953;1990;1990;2;6;256;2;0;5;0;LWayne_Carleton_Smith;1945;1964;1999;x
Smith W.D.;60753;USA;1931;1990;1990;1990;3;5;513;2;0;5;0;LWalter_Driscoll_Smith;1931;1939;1999;x
Somervell;60754;USA;1941;1942;1945;1990;1;6;33;2;0;5;0;L60336;1941;1955;1999;x
Soule;60755;USA;1945;1950;1990;1990;2;6;536871176;2;0;5;0;L60338;1945;1952;1999;x
Spalding G.R.;60756;USA;1936;1990;1990;1990;3;4;544;2;0;5;0;LGeorge_Redfield_Spalding;1936;1941;1999;x
Spaulding Jr.;60757;USA;1918;1990;1990;1990;3;5;518;2;0;5;0;LOliver_Lyman_SpauldingJr;1918;1939;1999;x
Spragins;60758;USA;1942;1943;1990;1990;2;4;1;1;0;5;0;L60339;1942;1954;1999;x
Stevens;60759;USA;1941;1990;1990;1990;3;4;2;1;0;5;0;L60340;1941;1952;1999;x
Stilwell;60760;USA;1938;1941;1944;1990;2;7;20;3;0;5;0;L60341;1938;1946;1999;x
Stroh;60761;USA;1942;1944;1990;1990;2;5;0;1;0;5;0;L60342;1942;1956;1999;x
Stone D.L.;60762;USA;1930;1937;1990;1990;2;4;515;2;0;5;0;LDavid_Lamme_Stone;1930;1940;1999;x
Strong;60763;USA;1938;1941;1990;1990;2;5;1;2;0;5;0;L60343;1938;1944;1999;x
Sturdevant;60764;USA;1940;1945;1990;1990;3;5;32;1;0;5;0;LClarence_Lynn_Sturdevant;1940;1949;1999;x
Sturgis III;60765;USA;1944;1951;1953;1990;1;5;33;1;0;5;0;L604107;1944;1961;1999;x
Sultan;60766;USA;1938;1941;1944;1990;1;8;268435488;3;0;5;0;L60344;1938;1947;1999;x
Sunderland;60767;USA;1930;1936;1990;1990;2;5;514;2;0;5;0;LArchibald_Henry_Sunderland;1930;1940;1999;x
Sutherland;60768;USA;1940;1942;1944;1990;1;6;0;2;0;5;0;L60345;1940;1957;1999;x
Sverdrup;60769;USA;1944;1945;1990;1990;2;6;32;2;0;5;0;LLeif_Johan_Sverdrup;1944;1962;1999;x
Sweeney Sr.;60770;USA;1935;1938;1990;1990;2;6;512;2;0;5;0;LWalter_Campbell_SweeneySr;1935;1940;1999;x
Swift, Innis;60771;USA;1939;1941;1990;1990;2;6;4;2;0;5;0;LInnis_Palmer_Swift;1939;1946;1999;x
Swift, Ira P.;60772;USA;1945;1952;1990;1990;2;5;128;1;0;5;0;L60346;1945;1962;1999;x
Swing;60773;USA;1942;1943;1951;1990;1;7;6;2;0;5;0;L60347;1941;1958;1999;x
Taylor M.D.;60774;USA;1943;1944;1951;1953;1;7;256;2;0;5;0;L60348;1943;1966;1999;x
Thomas G.C.;60775;USA;1942;1944;1952;1990;1;7;324;2;0;5;0;L60349;1942;1958;1999;x
Thompson C.F.;60776;USA;1937;1941;1990;1990;2;6;4;2;0;5;0;L60350;1937;1946;1999;x
Thompson E.O.;60777;USA;1938;1949;1990;1990;2;6;268435456;2;0;5;0;LErnest_Othmer_Thompson;1938;1956;1999;x
Thorson;60778;USA;1944;1950;1990;1990;2;5;4;1;0;5;0;L60351;1944;1959;1999;x
Tinley;60779;USA;1921;1924;1990;1990;2;5;268435968;2;0;5;0;LMatthew_Adrian_Tinley;1921;1940;1999;x
Trapnell T.J.H.;60780;USA;1945;1954;1958;1990;1;8;256;2;0;5;0;LThomas_John_Hall_Trapnell;1945;1966;1999;x
Trott;60781;USA;1935;1941;1990;1990;2;5;8389120;2;0;5;0;LClement_Augustus_Trott;1935;1941;1999;x
Trudeau;60782;USA;1944;1947;1956;1990;1;8;36;3;0;5;0;LArthur_Gilbert_Trudeau;1944;1966;1999;x
Truman R.E.;60783;USA;1935;1939;1990;1990;2;4;514;1;0;5;0;LRalph_Emerson_Truman;1935;1944;1999;x
Truscott;60784;USA;1942;1943;1944;1954;1;8;4194324;3;0;5;0;L60352;1942;1959;1999;x
Tucker III;60785;USA;1945;1957;1990;1990;3;7;258;2;0;5;0;L60559;1945;1970;1999;x
Turnage;60786;USA;1941;1943;1946;1990;1;6;256;2;0;5;0;L60353;1941;1955;1999;x
Twaddle;60787;USA;1941;1942;1990;1990;2;6;0;2;0;5;0;L60354;1941;1952;1999;x
Tyler;60788;USA;1936;1990;1990;1990;3;4;32;1;0;5;0;LMax_Clayton_Tyler;1936;1944;1999;x
Upshur;60789;USA;1938;1942;1990;1990;2;5;2097408;2;0;5;0;LWilliam_Peterkin_Upshur;1938;1945;1999;x
Van Fleet;60790;USA;1941;1944;1948;1951;0;8;6;3;0;5;0;L60355;1941;1956;1999;x
Van Voorhis;60791;USA;1936;1938;1940;1990;1;6;641;2;0;5;0;L60356;1936;1942;1999;x
Vandegrift;60792;USA;1940;1942;1943;1945;1;8;260;3;0;5;0;L60357;1940;1951;1999;x
Vogel;60793;USA;1937;1942;1990;1990;2;5;257;2;0;5;0;LClayton_Barney_Vogel;1937;1946;1999;x
Wainwright;60794;USA;1938;1940;1942;1945;2;7;268435457;3;0;5;0;L60359;1938;1947;1999;x
Waitt;60795;USA;1942;1946;1990;1990;2;5;64;1;0;5;0;LAlden_Harry_Waitt;1942;1956;1999;x
Walker F.L.;60796;USA;1940;1942;1990;1990;2;5;6;2;0;5;0;L60360;1940;1951;1999;x
Walker W.H.;60797;USA;1939;1942;1945;1951;1;8;1073741828;3;0;5;0;L60361;1939;1953;1999;x
Wallace;60798;USA;1940;1942;1990;1990;2;6;4;2;0;5;0;L60362;1940;1951;1999;x
Walsh E.A.;60799;USA;1927;1941;1990;1990;2;5;268435457;2;0;5;0;LEllard_Arthur_Walsh;1927;1951;1999;x
Ward;60800;USA;1941;1942;1990;1990;2;6;6;2;0;5;0;L60363;1941;1955;1999;x
Watson L.H.;60801;USA;1942;1943;1990;1990;2;5;128;1;0;5;0;L60364;1942;1957;1999;x
Weatherred;60802;USA;1939;1946;1990;1990;2;5;268435458;1;0;5;0;LPreston_Alonzo_Weatherred;1939;1948;1999;x
Weaver W.G.;60803;USA;1943;1945;1990;1990;2;5;1;2;0;5;0;L60365;1943;1952;1999;x
Wedemeyer;60804;USA;1942;1943;1945;1990;1;7;0;2;0;5;0;L60366;1942;1960;1999;x
Wheeler;60805;USA;1940;1942;1944;1990;1;6;1;2;0;5;0;L60368;1940;1949;1999;x
White A.A.;60806;USA;1944;1945;1990;1990;2;5;262144;1;0;5;0;L60369;1944;1953;1999;x
White C.H.;60807;USA;1937;1942;1990;1990;2;5;0;2;0;5;0;LCharles_Henry_White;1937;1947;1999;x
White I.D.;60808;USA;1944;1945;1952;1955;0;7;132;2;0;5;0;L60370;1944;1964;1999;x
Whiteaker;60809;USA;1938;1941;1990;1990;2;5;2;2;0;5;0;LRobert_Olando_Whiteaker;1938;1946;1999;x
Whitelaw;60810;USA;1943;1990;1990;1990;3;5;0;1;0;5;0;LJohn_Leonard_Whitelaw;1943;1963;1999;x
Whitlock;60811;USA;1942;1945;1990;1990;2;5;1;1;0;5;0;LLester_Johnson_Whitlock;1942;1956;1999;x
Williams E.T.;60812;USA;1945;1953;1959;1990;1;7;64;2;0;5;0;LEdward_Thomas_Williams;1945;1965;1999;x
Williams J.F.;60813;USA;1936;1940;1990;1990;2;5;2;1;0;5;0;L60371;1936;1951;1999;x
Williams S.;60814;USA;1937;1942;1990;1990;2;6;1;2;0;5;0;LSeth_Williams;1937;1944;1999;x
Willoughby;60815;USA;1942;1945;1990;1990;2;4;0;1;0;5;0;USA_Charles Willoughby;1942;1956;1999;x
Wilson Sr. W.K.;60816;USA;1937;1941;1990;1990;1;6;2;1;0;5;0;LWalter_King_WilsonSr;1937;1944;1999;x
Wing Sr.;60817;USA;1938;1943;1990;1990;2;6;4;2;0;5;0;L60373;1938;1945;1999;x
Wood J.E.;60818;USA;1942;1990;1990;1990;3;4;32;1;0;5;0;L60374;1942;1955;1999;x
Wood J.S.;60819;USA;1941;1942;1990;1990;2;8;1073741956;3;0;5;0;L60375;1941;1952;1999;x
Woodruff R.B.;60820;USA;1941;1942;1990;1990;2;6;6;1;0;5;0;L60376;1941;1955;1999;x
Wooten W.P.;60821;USA;1927;1990;1990;1990;3;4;544;2;0;5;0;LWilliam_Preston_Wooten;1927;1937;1999;x
Wyche;60822;USA;1941;1942;1990;1990;2;5;64;1;0;5;0;L60377;1941;1951;1999;x
Wyman;60823;USA;1943;1945;1952;1956;0;7;4;3;0;5;0;L60378;1943;1962;1999;x
Young R.N.;60824;USA;1943;1953;1955;1990;1;6;0;1;0;5;0;L60571;1943;1964;1999;x
Yount P.F.;60825;USA;1944;1954;1990;1990;2;7;1;2;0;5;0;LPaul_Frailey_Yount;1944;1970;1999;x
Zimmerman W.C.;60826;USA;1944;1953;1990;1990;2;5;6;1;0;5;0;LWayne_Clifton_Zimmerman;1944;1961;1999;x
